Date,AAPL,AXP,BA,CAT,CSCO,CVX,DIS,DOW,GS,HD,IBM,INTC,JNJ,JPM,KO,MCD,MMM,MRK,MSFT,NKE,PFE,PG,RTX,TRV,UNH,V,VZ,WMT,XOM
2025-01-03,-0.002009491230185234,0.017969281426164496,-0.011462159054347443,0.011173916019757923,0.002725774913813206,0.007770372042158691,0.0030680903667936743,-0.0037926525299024627,0.008974452526814725,0.0018534767729792012,0.0123215191347259,0.016815042736590735,0.0011804081115380782,0.013666602954413465,-0.001455381195980543,0.007760405081174149,0.0013105163090236793,-0.00030258364324475817,0.011395731112941121,-0.0048866317650128055,-0.0007516548859489713,-0.005121029871368976,-0.001206764258985693,0.00581176436791786,0.01682824983800635,0.0016222527523552799,0.0012433794001580623,0.008666645257630945,0.0051254500311554985
2025-01-06,0.006738979505805709,-0.003959352113771519,0.005179546288557546,0.0011270223600896578,-0.0015290804598612207,-0.003990646804743259,-0.000989585401144244,0.008883145155899053,0.005619526519317297,0.00048822479102317295,8.977736689375071e-05,-0.03356024536148294,-0.003675661358401583,-0.004875397783333679,-0.015222683734480214,-0.008820083935808465,0.003234054351099358,0.005850348753434043,0.010629489763471556,-0.01786938620163958,0.011282458298080611,-0.027432986051371233,-0.015275777992275974,-0.0016921115610388782,0.0013059853423276202,-0.005938300815414688,-0.01614497328615938,0.0071602486891322314,-0.0011126402102290545
2025-01-07,-0.011387742814264357,0.0004638319635679178,0.010129966857388206,-0.0032950089435106467,0.002722528226688281,0.015822389167468476,0.003061666834210275,-0.008553392209025512,-0.005605333171863736,-0.013200858102867308,0.005793459451829408,0.007045766670125575,0.01788939666388445,0.009632511883755912,0.0004933014068388974,-0.009720174320771435,0.019034511462494574,0.013036465391967678,-0.012808275419088577,0.0012499667275431836,0.008925252465323386,0.004358716677564711,0.006135029261270075,-0.0008269268164339261,0.0011291683584944145,-0.0043764810484704375,-0.017419928895224368,-0.00678120880707167,0.009374412704378887
2025-01-08,0.002023034290709713,0.0027481784694873834,-0.004347574192116066,-0.005316768948109951,0.004581660418428335,0.004746437612111354,-0.014633259857502856,-0.012433514530061363,-0.00017231490276070627,0.007729762432422849,-0.0034828637818091757,-0.00649680492894722,-0.027080502117554417,-0.0001644713250937846,0.014299905138221325,-0.008432945264069791,0.013256120037751895,-0.011581856001340096,0.0051850455353357194,-0.011097243518114142,-0.009952131279141407,0.0049597722466370175,0.009756003486974585,0.004510158225914607,0.019970937109990983,0.0029839925465269257,0.0005138574413838803,0.010901970131950378,-0.016735571210962807
2025-01-10,-0.024103803631356224,-0.03153384761146816,0.0013973305824395155,-0.027889250853457503,-0.007770218192427514,0.018895536195757234,-0.01011296458996458,-0.010791222036376502,-0.0345160396941776,0.006947311578713533,-0.015368706293632739,-0.03672030045539387,-0.001476222763333035,-0.013408530771239158,-0.010371165240955382,-0.015998615882060863,-0.02467865307891759,-0.006008966480719247,-0.013213688538304735,-0.001262415594527666,-0.005212231595544625,-0.021838484087830512,-0.006987504950005774,-0.042591804452852156,-0.0073019983587528925,-0.015643047571555102,-0.011813174673944049,0.013071836318691243,-0.003647290465348507
2025-01-13,-0.01034414584481358,0.012683222149708628,-0.008313910905704991,0.032763436208184116,0.00034042365111353057,0.014431254093344004,-0.005246217658585017,0.03038959520868212,0.005267861243465788,-0.0018210127623933259,-0.0106939990916608,0.0026110258697236155,0.01696469988539051,0.018093163613591923,0.009497387220721798,0.004675874366404376,0.025836534694971602,0.017430839682823995,-0.004200941161408345,0.012359609090419665,0.0029940892113660134,0.0017659179805278313,0.022847669960929684,0.003872098534523749,0.039274753624585435,-0.0025672372859179005,0.008198751919728187,-0.015806364533677675,0.025811946243374795
2025-01-14,-0.004778101960480674,0.011245111074663638,-0.020812586617352857,0.025020742728550927,0.009700525165381668,0.009977399306164036,0.00037012335365638194,0.010335157356355484,0.01524111938330086,0.009250158908625128,0.0016099445613142471,0.0,0.001938107544741774,0.013349169598991129,0.006325982656573581,-0.007227812466515382,0.019390740415831553,-0.013170958412134892,-0.0036434112803426233,-0.01262487139062185,-0.014552326886365874,0.005666060363499925,0.014693447485742972,0.015428785274606671,0.0048046623615189965,0.00707013770065501,0.004197412271897516,-0.008084822528193758,0.003934510227077803
2025-01-15,0.019675867749100462,0.039818979026546186,-0.004909635392423173,0.008935029758698976,0.01095561345729612,0.009114201755092255,0.0005548733219953306,0.007984135748450694,0.060171790519403245,0.03388671308630853,0.010470750670852125,0.027083256757924667,0.001519806879376917,0.019719603084763282,-0.0043520683356572665,0.002556938544285847,0.004154293525357344,0.004415361228865544,0.025597139870547014,-0.001405073177624061,-0.007194217303109873,-0.0005634725281404851,-0.0031807790491822363,0.012873040343710507,-0.0005884855619391338,0.023261900294436755,-0.002612391112867485,0.0060578803540054516,0.016314261377660566
2025-01-16,-0.040400196921681064,-0.0026895695230467753,0.01642596737465185,0.015097697032478319,-0.002667540835399662,0.006631651821624951,-0.015899388908362067,0.011633550944933457,0.011668212459430505,0.007978467970378933,0.011952951106006804,-0.0025354583570744715,0.019314447181052463,0.0076084767093334005,0.007770850600767876,-0.00906837027312879,0.010160871437353558,0.006094465748302635,-0.004058091187746915,0.0005627982393967557,0.010297533801227443,0.005324172993242282,0.011503918686634806,0.009959141176218322,-0.06041364567763985,0.003066825307178167,0.004190605827750105,-0.0004378605743539099,-0.0017038802037875334
2025-01-17,0.007535239806619742,0.003467258934905182,0.012786383447342953,0.014373975220837831,0.006853827907391752,0.013113313197007592,0.005260145380895365,0.004159744960968492,0.021126042180909632,0.0001222354665066927,0.009566096754838327,0.09252667451779328,-0.005007783717041359,0.019231620405307126,0.007389482129189773,0.004325549807242979,0.013292256274379355,-0.027606643715302526,0.010480966213824328,-0.0037969422601376035,-0.007172490153490529,0.003925240393529039,0.005396043946439999,-0.011758849361534596,-0.0016256177353477508,0.007470404943379139,0.01147628331265893,0.007009932583039946,0.008983055532010065
2025-01-21,-0.031915790534446264,0.017244689530015567,0.02612660772915798,0.03575046451191555,0.013282472372358134,-0.020003661173992993,0.01569800628747875,0.013157841632813527,0.014058746640385866,0.02210650494082178,-0.0023577393722769013,0.013029348051544432,0.0076174491365856856,0.014932775950220245,-0.004624536204658969,0.005908410521220375,0.04155148625176874,-0.017156903217325103,-0.00123526396463014,0.03289099770042436,0.01292766120069233,0.003661642854955849,0.03831223717151544,-0.0015029279202734003,0.029876825735100088,0.01254634382376607,0.0061889640833050485,0.012399384123317203,-0.007567662651545848
2025-01-22,0.005344902711080568,0.013524094875404735,-0.004328973099821831,-0.001882707457137811,0.009831222935431816,-0.011564843609834896,0.0010119808752038217,-0.0182781073982482,-0.0031667293653174777,-0.019907655288497583,-0.0044591545809775646,0.004134136458219251,-0.019439706111303523,-0.0007224283777504947,-0.010253074272873142,-0.004458361966090618,0.015181514449152722,-0.005818745961356453,0.04130688160628382,0.011890261942487657,-0.023648510137642353,0.018674225300115976,-0.010894706704128954,0.031610607027251714,-0.010038404268108536,-0.00021633594712366921,-0.0017940242861173017,0.0016115095841215954,-0.01740373882691204
2025-01-23,-0.0007594393899229557,0.01123362342202805,0.021167030226805217,0.022107163467114166,0.0097355109568249,-0.002557399139309413,0.020494410967269117,0.015923537882199357,0.01069984668469992,0.01046083540882381,0.012451829185142538,-0.013266281218218157,0.009430637750777349,0.011832492957748242,-0.004046616925987623,0.01094712201115633,0.003420061993575807,0.009928803283508536,0.0011428921174210238,0.003376521085022288,0.01653199637356262,0.008558919998098657,0.01535630136810684,-0.02111713840592755,0.019337562040508294,0.01437131072383635,0.005905010274032785,0.0062211339639663965,0.005660498348001308
2025-01-24,-0.003934542081788894,-0.013901219390464403,-0.013669481464460786,0.0030266043619526783,0.0,-0.002307489731726342,0.01008650514375331,-0.0024113399317132744,-0.004065735167465667,0.00026533434527364896,-0.005485627166540885,-0.03430689761649508,0.0012275193665449713,-0.004173899257059022,0.006338384041652212,0.0036213140196585947,-0.0013368046337850492,-0.011176501120671811,-0.005932215439985122,-0.009691802862285659,0.0030757700796884,-0.006194545199347701,-0.007760041852737598,0.0014492911201178238,0.00517196578085688,0.00606333757751365,0.009188309576816378,0.010126915430382466,-0.013526982914036756
2025-01-27,0.03178024510857891,-0.015310850731679149,-0.005111859076249559,-0.031032989791888288,-0.05061855618593658,0.010151014923964974,0.010520601988808886,0.013294671135982261,-0.005683680798040935,0.02501818535158118,-0.0029804831413028365,-0.025924100343569956,0.04134304934763877,0.0038137421616231126,0.03149224687194674,0.026728870329287835,0.013986570570053258,0.0250131311689179,-0.021393518640406062,0.027320893278495628,0.029513201760460905,0.03375579494351233,-0.0020747794087441207,0.037831725730606,0.020675674934751198,0.013143346413572843,0.02781986937537617,0.02785977693651076,0.0138964853744461
2025-01-28,0.03654392712433174,0.001959333853721601,0.014957724722600263,-0.01187411926960158,0.005924083162412552,-0.006487341454351925,-0.010587578209617754,-0.011927466294959888,0.007137309811679815,-0.014216161076213263,0.006826423149818961,-0.02414990913538173,-0.016416932144703078,0.004852333173641421,-0.023641759272115648,-0.006619047962015734,-0.0007920164251832285,-0.005003198074920001,0.029086960709354015,-0.0157449427883134,-0.004095273980863401,-0.02045272768028239,0.02638948892356452,-0.010278423323203278,-0.0019136092787706005,-0.00017923921177009916,-0.005905413423794137,-0.0011294162139058317,-0.019333779357568637
2025-01-29,0.00461673935352791,-0.005646069018964028,-0.023174683009769992,0.00753296472783016,0.002019154467703732,-0.0033287843720588572,0.00936335064225191,-0.008932912547129468,-0.0006585052950064396,-0.01291683275224409,0.013161356627128917,-0.002525214090259187,0.005120384367069075,-0.002096454549970206,0.007536919762616945,-0.003572169216096377,0.000924802924866297,0.008517251572443651,-0.010890044984245284,0.029439561394331903,-0.004859785021325558,0.00024073171200056365,-0.025087725255374393,0.004387552051118071,-0.00807391351945086,0.004185632123072658,-0.0029704455836959687,0.002158596180072525,0.005831245499073878
2025-01-30,-0.00739469116041247,0.01173686761430659,0.033801652616619604,-0.04641054161670344,0.015449229662922948,0.004046482367594306,0.0021202809820752844,-0.06090136452257067,0.013053452541986532,0.002612210803833337,0.12964170473863335,0.013164568550979139,0.011379388489684672,0.006189648571336859,0.01941751128275504,0.000723886167642851,0.018872719277970074,0.006817273354212672,-0.06180903860268361,0.02285190548388183,0.01089409442712519,0.0070985652752695305,0.030767930673730293,-0.0017233722306969623,0.013882178688171543,0.021346761713597173,-0.020109100258552393,0.011794791581751118,0.008281983227435452
2025-01-31,-0.006692131500525944,-0.004702884272305363,-0.016765969627929644,-0.009440502944745188,0.0021498021581705107,-0.04561160590008073,-0.0032619433525179486,0.012970258048066619,-0.008208110538448055,-0.006079553096952961,-0.009950804473616515,-0.028985503102038956,-0.004709974113337845,-0.003467216329355649,-0.008899332872738919,-0.005580103071409104,-0.014248652360653313,-0.0013138465529078935,0.0001686621321865811,-0.0182561806692364,-0.014492818641586025,-0.008482116123292194,-0.0002325673375469517,-0.01569711685292441,-0.005645473037944493,-0.0036436827661241455,-0.002026923397439928,-0.004966975786139138,-0.0250069099902398
2025-02-03,-0.03385592906605628,-0.002898249785566187,-0.003682354064925897,-0.026626199899503433,0.007260733311617251,0.0010054495364877347,0.00831420335788513,-0.042765756813809785,-0.012539092730273982,-0.007815972923918224,0.019671591038062708,-0.0025733990542378127,-0.0018401761277690998,-0.001833183863992005,-0.0020479749308602857,0.004676143613781214,-0.014191785120515887,0.009815859211948164,-0.009974375959238113,-0.004031292613786874,-0.012066330448019746,0.016687614614283586,0.007522286934671385,-0.002365552594799758,0.01048866727876141,0.011761231833429697,0.014978476202177626,0.014058709383383938,0.0024337538380005963
2025-02-04,0.021007913302233172,-0.002211432853126527,0.0020469700366552157,0.0011063862990448037,0.0049148379792069985,0.025980941022477166,-0.006140297050311827,0.031300146809106755,0.002862345084527318,0.006678801833017278,0.014305782414434143,-0.004643872504465962,0.010667015411912617,0.004235279736113151,-0.010733980427607204,-0.0009653812362210301,0.010930269716108887,-0.09069043308486013,0.003528596582160759,0.0016974958289479591,-0.012595388131760421,-0.0037330005681274203,-0.011930391165679732,-0.0022077291232561747,-0.004980027083840932,-0.0019374484976419915,-0.0042520549043383316,0.012356722820484167,0.026799947029372273
2025-02-05,-0.0014176239408641989,0.014881378964001657,0.03183340376983801,-0.008564676499609347,0.02005216161102097,-0.001501071030565737,-0.0243601325696291,-0.015564141985803026,0.017770899430259446,0.005662344975426059,-0.004386118595192001,0.018662451317622786,0.00781811221788753,0.009293176375841705,0.0071804688558854135,-0.0032439014278201617,0.005076617160193919,-0.011792031136318326,0.0022310200334914043,-0.028024022006182037,0.022033144526993453,0.005233968938951117,0.006154178838489344,0.00934202834930642,-0.010340180928110732,0.01242935066008255,0.00803814690588256,0.016770885744178843,-0.0007274982468903346
2025-02-06,0.0032262426829974267,-0.0011854312259309552,0.01627808388407015,0.01839203841967385,-0.00479459512946212,-0.007124654201618008,0.014022009574153671,0.021607363991651196,0.019784580384561323,0.0008216568344709962,-0.0374478568952078,-0.01374048157787533,-0.007628259989380881,0.023924717591801148,0.0038022935848118777,0.01914616893369936,-0.0008527580890916875,-0.018066215069645564,0.006121610450557924,-0.03795093620924739,-0.02307117691859517,-0.0007690935297864909,-0.0029421466918739814,0.005277238923212746,-0.01809887370260377,-0.005608945534598786,-0.004734732768032601,0.003806391319414182,-0.013196279240515918
2025-02-07,-0.02396873186469839,-0.010557639942510355,-0.01791124190439919,-0.004296054270180427,0.0,0.004739847860842028,-0.010973258505398098,-0.0049006424467055165,-0.003524532190237739,-0.01639473301718153,-0.004340222609883648,-0.014447822054797221,-0.002540616733235912,-0.003972454483995191,0.007575781822998451,-0.00020385353845664422,-0.016084463463872822,-0.008745026321994365,-0.014597677772654749,-0.04265397410192451,-0.0034841989614083912,-0.005388443674738452,-0.006445116694475783,-0.009893411237116734,-0.005678681755437287,0.0015539642362680794,-0.0015021280565421513,-0.016528950326453518,0.004242396125522907
2025-02-10,0.001187343922486539,-0.02055115113142958,-0.00517936201969893,-0.0018137631739150173,0.008671886688196073,0.020639500056798488,-0.014252252462706116,-0.00025927043644768943,-0.008187233962139384,0.016250552801518436,-0.005585009508194072,0.035078537325264225,0.007314789877494343,-0.017258867271260803,0.011121540851861011,0.0479783215097731,-0.0012010522952567992,-0.010082371789539413,0.006028017166975763,0.0329062825295694,0.005050554005360475,-0.0026195235831264485,0.0023446369469988237,-0.01129740235784582,0.012029488500981511,0.009223744760008756,0.0017552363496267098,0.0174988220989436,0.019101837801370314
2025-02-11,0.02183176471862147,-0.002223887252953194,-0.0006092528855844437,-0.0027257157978157753,-0.006049980966185142,0.01072108375736458,-0.002379208574854519,0.001555711828500339,-0.005057493164648652,0.005724764355769407,0.02178357071080117,0.06069796802253391,0.01225350839831263,0.01457337498244149,0.04725013037768688,0.005803698097384347,0.0025385576813024002,0.0016202453724665222,-0.0018921665317954695,0.005638404897212457,-0.01314268523339257,0.011341156946309994,0.006705642883955143,-0.00028864271212514225,0.001031091971004594,0.00022812516379810965,0.013516870314922658,-0.004372382745074788,0.006308064747773345
2025-02-12,0.018270152940516038,-0.010240097022955919,0.032199054976628005,-0.02813117286343836,0.0016017615704222443,-0.016133186240096298,0.001926305479762469,-0.009578184048923188,0.002719313599287343,-0.02214419278570312,0.0043580572777603965,0.07200764322010311,-0.005572269048694789,0.0016730088950542843,0.01642010680517214,-0.008413592160336547,-0.007996275463225788,-0.010053216079522365,-0.005833214253644803,0.012896131715171899,-0.002350199045781376,0.0008854349036289122,-0.018046620721659745,-0.006973403359279762,-0.012211433390235338,0.002195433568166205,0.0009878817268893503,0.011125202202070916,-0.030086825655562532
2025-02-13,0.01967323848251623,0.0035902300665948683,-0.004348980180369111,0.004715362030858428,0.020949961740153844,0.006326721668282742,0.0032956886620776338,0.0020910893029442157,-7.70610831789531e-05,0.012993068912956707,0.013212986866155463,0.07339856103778764,0.012817157877319296,0.003158426592328789,0.011497723601249454,0.007867348646183547,-0.0010076697358002429,-0.014590842016362293,0.0036671689356793102,0.013146844766919852,0.0066745048985790145,0.008491535452984422,-0.007414376257583344,0.00976469947150238,0.007167070674233278,0.011778478703806883,0.012583259139044456,0.01389825425878155,0.0072660338912649
2025-02-14,0.012710644656182213,0.011512166826741277,-0.005500454373555286,-0.0010743942068580647,0.01613408137941663,0.0075889857197006805,0.007208744066443895,0.008607058915758303,0.01787496520285492,-0.007104260242839833,0.00806358624593706,-0.02196430989349596,-0.006995176555863347,0.0009770494363676718,-0.009064825742296057,-0.004741678931240778,0.004256992200113885,-0.016702039815968517,-0.005139599514405235,-0.002322001849843436,-0.004290134879222696,-0.047538256901452414,-0.027256780361870292,-0.019381860510379267,-0.014439370967915477,-0.00511769525723893,-0.0012183032491502876,-0.009614406638897233,0.0010173015944709984
2025-02-18,-0.0005314395307257636,0.005819094287136561,0.0029823395359431792,0.0019245806539591737,-0.004316345470602223,0.005278712777424532,-0.007428906242570532,0.027152831166161073,0.01762176409786642,-0.015115995801702531,0.006850849351539123,0.16059317571683374,0.0005164851946581894,0.012148065250005224,0.0026137556777752202,-0.012056356699053583,0.002489738598266067,0.0033729218981972675,0.002962593992094087,0.062294576588221684,0.0011750207100453824,0.015593285000983004,0.011028437145863768,0.0004195776908084703,-0.04351401157188761,0.008253050059091604,0.005123212893798579,-0.0024990816382922665,0.01755357730663709
2025-02-19,0.0016361258388950528,-0.009365478733251331,0.0063793732388708335,-0.002824957276880702,0.0038703997070288487,0.006851953522280407,0.016338106770485528,-0.020141044676081132,-0.006010102518770322,-0.019538373457629654,0.004751662816001145,-0.06097116150083204,0.018710797870270746,-0.0025005448727035695,0.014771766365424543,-0.009480658574595568,0.008121240024841825,0.027734407100008296,0.012523101594279717,-0.01043951170277524,0.012910845428189877,0.00640747442072831,0.013332279177363127,0.016568927211480622,0.02058993400440312,-0.004204905723343866,0.0196601570719932,0.0021198939616018375,0.0014526944742234704
2025-02-20,0.00392056304742705,-0.019553566889302654,-0.028310444192667816,-0.01090637241186343,-0.0026217078948185257,0.009921786004912336,-0.007184529604669865,0.017214907068004992,-0.03874887582254172,-0.0019977162893922706,0.0015888294372068401,0.014385725082087575,0.011336929815190633,-0.044583727885247226,-0.0004281098770826386,0.003676254758275821,-0.007456667230761993,0.024299199278760453,0.00529078099813951,0.005861048543383207,0.00038625326945518346,0.004324708538225419,-0.0023921859005284762,-0.004580163959429728,-0.016867578402254835,-0.013343517426684715,0.011425946399683973,-0.06528848092591089,0.015412471382707515
2025-02-21,-0.0011390890015970934,-0.027841708775039553,-0.020621466638862107,-0.026091962334731766,-0.010669512142352344,-0.011776506408658238,-0.017096324970036658,-0.002020738410856593,-0.0259398023207702,-0.023667157271543893,-0.012313865062470897,-0.046761184600203176,0.0164078828515708,-0.00959515936638089,0.0187034741975598,0.00580758580619678,-0.027502068725907658,0.02075722067446817,-0.01903259855834627,-0.00945235629246688,0.015444010044922463,0.018061020309535936,-0.00955976178309137,-0.005015830703420043,-0.07165319053586572,-0.005592028116491177,0.006354329688557536,-0.024997489410054863,-0.011696420947125419
2025-02-24,0.006312383382871323,0.00044004492125226946,0.015580072597901395,-0.003293754184475639,-0.011566087123073832,0.0061814454727999735,0.023375582533311956,-0.011642542801285849,0.0008633303053207086,-0.007474711789818844,0.0014914337114209086,-0.02412546687667183,0.008872470840043167,-0.010975002211684903,-0.010651761197221221,0.009054960893384756,0.0034487041669362117,0.019776560290651002,-0.010313283020000341,0.04941166375726436,0.013307961082927866,0.0018210735353774155,0.01735752921850864,0.034204052456025424,-0.010505573132029045,0.003815948156066673,0.013096414397576472,-0.011711311832533489,0.005239833984812758
2025-02-25,-0.0002428315584860341,-0.007410412564754165,-0.009115665367494197,0.010149877625362791,0.016287094573412375,-0.009310304923341395,-0.006025156899026829,0.004609456752203478,-0.017935347154828474,0.028424273639909847,-0.015732925981024826,-0.05274003553782591,0.014351941489046949,-0.015076088084822414,0.01274979301889445,0.010241387701473093,0.007286414392686291,0.0017530036441217867,-0.015099081086989541,0.01793732288234673,0.0033770680851927803,0.01237245580235613,0.015227579502290922,0.017201123494618553,0.019197457029460407,0.006374032395484619,0.009002619382691979,0.042916742197968594,-0.013840171752666386
2025-02-26,-0.02704011939380868,0.009408964255440466,-0.029337582661044803,0.0006426208545071699,-0.002956212497041366,-0.008183078766076712,0.01176157833115088,-0.009686460529241159,0.004651114507780552,-0.00714490599494122,-0.007410283471063317,0.023053531619053658,-0.018122570403236504,0.005400255086155159,-0.00965160124127551,-0.02075808045452099,0.006073256178300568,-0.02242157009024226,0.004599198315048625,-0.006730330008821506,-0.011967057070727982,-0.007819298308096911,-0.0002355860215895733,-0.014494446046809384,-0.014435197349197848,-0.004146683346121782,-0.012125262266116765,-0.0152523323069641,-0.0024606619504277116
2025-02-27,-0.01273091938670523,-0.006416700799343866,0.004565467958702163,-0.007531170025240508,-0.004213500949842075,0.009862079066347285,-0.004649981799235814,-0.010810872078054201,-0.015815054281643426,-0.0005378539167114615,-0.01020171005000814,-0.018282325544506706,0.003985626003845111,0.00100459709043621,0.0009886233403459954,0.018667590059636696,0.020959187534648205,0.013425892994357813,-0.018012100306966428,-0.01416785390097286,-0.012112078248904146,0.003911380571668177,0.025214067781516247,0.023869770239991928,0.010720722211610356,0.014573737240443307,0.0020842634767341828,0.006133022709642999,0.006303726775243934
2025-02-28,0.019131868844441513,0.022977445565791843,0.004602215056842329,0.011617780759403784,0.004701484169180814,0.012446512699794798,0.02236999844159482,0.010071648104022168,0.028578569507915708,0.01621963129137205,-0.0031197138454971407,0.02771760006145807,0.007878915443566115,0.021617344141526607,0.0047975824551467205,-0.005226699293224835,0.030560732851592887,0.018436700994979738,0.011362106174063413,-0.0073730683984232215,0.012643724858966587,0.010873910255412289,0.01892421838726932,0.014521759389573896,0.013658812346877047,0.01959297763338319,-0.003928846154558352,0.01880359990091951,0.010712738547475675
2025-03-03,-0.015754265817481183,-0.018175112263249193,-0.026169656968660693,-0.0346271651008041,-0.009826861105500018,-0.03486320726620795,-0.008875247632477268,-0.0537916639260525,-0.027366630819584792,-0.01742310062987018,-0.00891296658963392,-0.04171933376383308,0.013695276481461294,-0.015227614083513474,0.015587576336264508,-0.007404716602911865,-0.010959245660498329,0.009756148612222848,-0.02141109532909491,-0.0078451426609365,-0.006810432914202025,0.010066794666420131,0.006316280345504577,0.009091214936896463,-0.016653970111203287,-0.0024537873018897205,0.017865410837522022,-0.010343871744939115,-0.0320668428257922
2025-03-04,-0.008822379909602107,-0.040678216757125796,-0.06562391992428573,-0.015931813067098455,-0.003465722979716035,-0.0071199313192922276,-0.03351358805393856,-0.012201909171582148,-0.0398506141965419,-0.02055484623181625,0.012070879218305297,-0.062005270958838565,-0.011119066687895307,-0.03978966832862407,-0.029452294058754713,0.0048636889056770105,-0.04927649258099731,-0.006333989997437506,0.00030884785246687585,-0.013901234295625287,-0.019047574516965704,-0.013725276553914423,-0.03833223890372106,-0.019705514014507597,0.016186664737188883,-0.026504897979709008,-0.022794515573964613,-0.026847008848944087,-0.0020416618319814006
2025-03-05,-0.000805297297409524,0.00250473464544565,0.026809376521437667,0.03592953970549373,0.01106546655563534,-0.00782893930463291,0.002751996891650732,0.060639995118451084,0.02052860826719627,0.012235471868209835,-0.007345655597213563,-0.024378830737160295,-0.001813599257916243,0.005114862171093693,-0.0015671635073926105,0.005494350199793718,0.011997799374622753,0.006806508265076117,0.031934369842304466,0.006337256339727482,0.007378555991556457,0.008257398709964558,0.00730385149709023,0.009112242178331176,0.0028866615738283308,0.0012776402845460222,-0.0006997783567936899,0.010635030184898975,-0.019527572716026786
2025-03-06,-0.0017391917687868963,-0.03005135023537464,-0.02899001520080602,0.007444814950140488,-0.008599102572882433,0.014190053562963323,-0.0354953208677502,-0.008999355299212697,-0.04282802978793265,-0.011958068694001178,-0.010582901550397428,-0.002883203627207065,0.004299914506820102,-0.01983862978731743,0.005422284667329524,0.009497494918510041,-0.0045389817601225735,0.008691905896364371,-0.010298651028757821,-0.0012852460421683976,0.01156518581135324,0.00028635942226351574,-0.01049058155189031,-0.007789830986163371,0.024664864311075396,-0.02415788733737334,0.03244623630523136,-0.013961253089858072,0.02067529210884378
2025-03-07,0.015892618029543115,-0.008815976920637847,-0.026825728690762496,0.027242649527919882,0.008358274968650159,0.022164001110875242,0.0007587802598238991,0.00026706563723344345,-0.01409275397711185,-0.012914961220190535,0.051670813456244025,-0.005301234233810237,0.00518615555606039,-0.017279091530260415,0.013766598030901411,0.035183818546168366,-0.004355530652169315,0.006914915691586421,-0.009020185329573605,0.011324203634990981,0.018673732299590462,0.0073857263242893545,0.0009353788263233298,0.006562088979522818,0.011810005168648496,0.0033705862744648485,0.04137466766280262,-0.030853740579685596,0.01300867930003835
2025-03-10,-0.04847960193409895,-0.04351958941900591,-0.039110124956206915,-0.014530468951278519,-0.02940250573581482,0.00786752299135074,-0.023030956416613457,-0.0013350775692141381,-0.050047435037138155,-0.005705857013026172,-0.017741193850567716,-0.03439918146648502,0.006059009802168225,-0.04152211896543467,0.00028008176422034126,-0.012574307902957327,0.00902252061243547,0.0061278766974415255,-0.03343413334878109,-0.027866098757961644,-0.0033669610408380013,0.0017617833249814474,0.0009346846650950535,-0.0001559637492773991,-0.022711501629960384,-0.011120124749545712,0.009335667206644471,-0.04252068874052306,0.025500034766956725
2025-03-11,-0.029189374883390795,-0.02269244950681204,0.039892027712392863,-0.015758448834105154,-0.022397783130375215,-0.022148839846979906,-0.05025223489654873,-0.019518869527279215,-0.00043253031626910854,-0.01732289107815621,-0.030945879030637058,-0.007526322941967978,-0.010971969110241675,-0.013263326509683981,-0.005738267286931387,-0.033065380274055034,-0.0005419203304801723,-0.0052505007806681325,0.0007627771209397505,-0.029188604863079948,-0.024399486070605603,-0.017814533945851085,-0.0031901941965469804,-0.007988723776527706,0.012119425982128007,-0.02735152431425314,-0.06582054029533357,-0.004327146905836576,-0.023613630226647087
2025-03-12,-0.01747872660231309,0.020987610882218455,0.03076726968894894,-0.004826781287052051,-0.003461284902805506,-0.00915112331814949,0.00878445256064575,-0.025088453957216705,0.008053836599195785,-0.009316641207764875,0.002731568222966718,0.04550048469603496,-0.018147794216887836,-0.005411605238578865,-0.015484123421078855,-0.023992740369610077,0.018300121361183086,-0.014567744827491902,0.007412271021316474,-0.00795461795944652,-0.010773248045603534,-0.027437566748976683,-0.0011708502242381291,-0.010095782421324695,-0.010143268747465406,0.0021075304258886263,-0.01934151329620648,-0.02561753367702202,-0.0002749063304077204
2025-03-13,-0.03364369478238116,-0.01656772574757437,0.003274586035690863,-0.014254913039946082,-0.013066476695781981,0.0061570250047309205,-0.019137289731401164,0.013426477719668872,-0.02034686855828982,-0.04188383710057464,-0.0153427661105211,0.14603483622811297,0.0008598043830794211,-0.01189117573397247,-0.004575550219699798,-0.006345963785389319,-0.027555909597298922,0.014568942387223283,-0.011741132107372043,-0.012775261389662451,-0.004278454118590291,0.0013066964378585233,0.009690474816111516,0.01567515508126638,0.0008522251710427753,-0.012889242303927628,0.026297094756835948,-0.008215985525805602,-0.004215168327656671
2025-03-14,0.01817060221144473,0.035877307575506334,0.015628860908271536,0.018991436786840676,0.013909770885515815,0.02219910613112064,0.01827188577421701,0.020425192124891023,0.031630440491814404,0.011691815586798882,0.01037422542191302,0.014767867630974818,-0.001104458762418381,0.032195077290144924,0.0007236180228948896,0.007831903225107073,0.029500488259844415,-0.0014782483589843576,0.02584687598082147,-0.013491098980106364,0.004687388121599856,-0.003677576588939635,0.006114672949767641,0.019418640505229012,0.014807304641497598,0.009892056265295768,-0.0032027835977663788,0.010059096132279954,0.029723054779907
2025-03-17,0.0023889096072751137,-0.004705823745068338,0.0002472563223876456,0.008832825803599897,0.0064463372584431244,0.010826678070951834,0.00729926156835603,0.01460627941167636,0.01834120454009347,0.008027100352950844,0.018602860196485826,0.06819132428369734,0.00018424825047480553,0.006410173901068017,0.013880867252493934,0.01380782973833039,0.018615688799925367,0.010985460312765039,0.000360336389624738,0.028467720484837145,0.012830529351550046,0.010656590791769949,0.01584731779435855,0.016174141444110335,0.021221757089130433,0.008288121502768142,0.0018361869984828694,0.024721811066135357,0.01662201287576015
2025-03-18,-0.006121453168117963,-0.006278761116541798,-0.0017299893032922675,-0.01730676707429113,-0.009689593312697253,0.013167828316832608,-0.00010063222484435475,0.0026659899389622765,0.0007979425743076529,-0.012876583673464004,-0.023797282986988355,0.008952881956207692,0.008658834147144967,0.004445825145544591,-0.01055338699171604,-0.001217253069634383,-0.014946798171321274,-0.0007384554860756509,-0.013326540986184465,-0.005291715257157437,0.009980826037536694,-0.012075891719079412,0.004846610895314685,-0.017463126501340298,0.009578778436766022,0.000657584781892373,0.013287382920019075,-0.021381235776296248,-0.0010548852495302352
2025-03-19,0.011989186652903605,0.030184190505307074,0.06839133064340963,0.005672459791086659,0.013598604335277376,0.020148016133406887,0.0094615379632208,-0.0111673223314388,0.010076526435444766,0.011013499951942451,0.0216237083477,-0.06944441480564656,-0.00767114899137078,0.017619285625504633,-0.0014413806364192983,0.01093548707171399,0.015173594830790504,-0.007390258526365101,0.011212062123519662,-0.004365053748890513,-0.003800873099553903,0.0051280804148949866,0.01982068809715054,0.003147818866952923,-0.0011909595610295476,0.015234301498518787,-0.006556617070012316,0.008646004962128417,0.015575574409968818
2025-03-20,-0.005296311389961117,0.0006650543447981327,0.0012165839404909562,-0.00699896681267409,-0.008180590443194191,0.0043889196841500056,-0.014258720782545087,-0.015595535009834016,0.009581105465186868,0.005941850757933187,-0.03555423523491352,-0.006633571691278095,0.00018394964231105426,-0.00041828962978196493,0.006206682054198609,0.0002605596027829282,-0.012662312910058038,0.00755163868937303,-0.002527088440830716,-0.015481585149828891,-0.0007629982029354609,-0.006050971707154518,-0.00628151586463821,-0.006811588247767397,0.016096940710336183,-0.0010886596315006214,-0.004324006139169612,-0.006023501539354159,0.004245683843442594
2025-03-21,0.019476892742144702,-0.0011816214291290317,0.03055024430572062,-0.0013978182726094301,-0.005278756138507923,-0.00012141066108817267,0.006069246451629873,-0.012018598189171614,0.004372023085404075,-0.012291773706906817,0.002260331526793502,0.012520916355276412,0.0037419354961414353,0.010961932362437254,-0.014918907968190953,-0.005081348118593176,-0.006015795169650451,-0.017101204711791662,0.01142600153356832,-0.054550470607939494,0.00343638255529366,-0.005132791050946994,-0.015616848743144174,-0.010942417581271235,0.010854661867616633,-0.011310576315210374,0.005485713929885616,0.004732715305491908,-0.0034513137563186858
2025-03-24,0.011270363296444375,0.027170878544564347,0.015664439259850615,0.01754130843471935,0.011111124718101717,0.0016389111828625236,0.0072390824635728546,0.0033177530381576226,0.026471278897003403,0.03593899765427677,0.018780545205517418,-0.0016488423392396756,-0.0020779666187590307,0.026610991358916314,0.004077503689191575,0.0007529281183538128,0.018555311271491792,-0.008592100389270496,0.004651577438902432,-0.008095441763134592,-0.005327296853166241,-0.006239222331539174,0.017526624388830347,0.010673944995671425,-0.0006770855056368319,0.02445913810368916,-0.009774967195162687,0.017562199363206243,0.002597483868213457
2025-03-25,0.013681926441879266,0.005110499899324994,0.009342191809986078,0.002780467296288114,0.0003279725387859145,0.005575009768640449,0.014274301042077386,-0.026729237882719636,0.010067225393547874,-0.007642132146464475,0.0058361896455276785,-0.0008257040042115582,-0.013901609374716628,0.01237608325020867,-0.00203058487761687,0.004089470753821711,0.002285582676604614,-0.04809874103660894,0.005291630611742537,-0.012613090863101362,-0.02257083945883498,-0.01690305209162668,0.007201818347338795,3.8541984020312725e-05,-0.005943946401009481,0.002181080155766457,-0.0016070439533373282,-0.031203504932414527,0.006822004068709697
2025-03-26,-0.009921848040083447,-0.011744533261577317,-0.022126038486011246,-0.004407278554364402,0.0132808587883817,0.012233330522587904,-0.008168501817229279,0.007361385594372383,-0.020513993329308033,0.003157950116963404,0.001760652661048967,-0.0322314323163172,0.004347302841045231,-0.0003982687285529751,0.017584663302965042,0.021699355449356306,-0.005342231475666703,0.002731325785412242,-0.013133944989108914,-0.012022863942325657,-0.013307135446095852,0.02290457459635009,-0.0098039738904373,0.010830591621556529,0.009290482744396256,-0.0012767395242142543,0.015865820197258795,0.005309105274267756,0.014409516819328338
2025-03-27,0.010472665366113354,-0.01442017202875312,0.003136362638041623,-0.00530612008529463,-0.006472424134997157,-0.007858586718815563,-0.0032744522400955933,-0.00955591839228076,-0.026136155573950992,0.0016569365349816678,-0.016497543511771018,0.008539742198459432,0.008718801237444174,-0.01159231094381663,0.010282841444783752,-0.00283815759427386,-0.027770310561334832,-0.005788246636520555,0.0015641359750724337,0.0009128024149747116,-0.00793335721345767,0.012786567483166422,-0.0066999266317554484,0.0016013572940183352,-0.0047858007120390456,0.01650294029941879,0.017655023394667513,0.004928954379576078,-0.0032129993044268668
2025-03-28,-0.02658034341433524,-0.02404243418700691,-0.032382351806114595,-0.028323095092785522,-0.008794825346061241,-0.0033603052359251206,-0.0236934007867875,-0.024971671190422318,-0.02826872628927224,-0.012626544263567907,-0.008976061331293028,-0.03852674523403099,0.003555430282329519,-0.02123961081205905,-0.005230336983343187,-0.017909124783768493,-0.024252323971302503,0.018607359581554128,-0.030160250366450647,-0.03814593326275817,0.007996798673901795,-0.004030572634366125,-0.012815794286009874,-0.00338804420738259,0.0006204574029244903,-0.020036544569334014,-0.0006672486082056617,-0.005605461654742738,-0.0013571290068520314
2025-03-31,0.019412605542204586,0.013447327331086889,-0.015925189231526082,0.00033365840999399765,0.013966421580554389,0.007225052943008903,0.0064240047851316096,0.016298021626498516,0.005836590234100658,0.023286323526114927,0.019098415116405976,0.0,0.013010845448803376,0.010088546629981598,0.017763231294006587,0.01719364682950042,0.013946363803669204,0.005939640256957146,-0.009002025799393687,0.0030020086781483712,0.00515665425411016,0.014223663848306645,0.005618200908015236,0.010198921274270578,0.014940778744392924,0.02219625331840347,0.009570460812382553,0.031004099958245934,0.010192732632372303
2025-04-01,0.004772020103251284,0.005315130421375214,-0.013954880329672181,0.0023348298343486285,0.001458461894258356,0.007292714426873292,-0.010334366749307322,-0.00887740001524262,0.003954010345425862,-0.002646776171683629,0.0067561229768087205,-0.029062081638892123,-0.07591655950075471,-0.006685717860747231,0.0034906411919444214,0.0040337700780697094,0.00551550969796577,-0.02941170095826795,0.018114488980663257,0.02016384101330093,-0.031570550626388694,0.0008213736926940829,0.0029441798981486578,0.00030248304844282536,-0.0012028748531837108,-0.01172738391552497,0.0004408213851101461,0.011846432016460628,0.0009249866966836162
2025-04-02,0.003136350396449661,0.017635187364194893,0.0023190782773074847,0.012372532643267764,0.0003236306402119027,-0.012106160100540664,0.002047495334247307,0.008090090106608772,0.026711596212479316,0.014691497312405266,-0.0014380473463672105,-0.0031745894442738454,0.01376829795427903,0.008864799387463096,-0.007513639715023612,-0.00653651309797354,0.0006094146549715518,-0.005968892586105334,-0.00013084792258288847,0.0030883015342921816,0.0065199484891353965,-0.006214663689318445,0.002258150095613365,-0.00018899473757238994,0.00015300879859725391,-5.7759844665050686e-05,-0.014103070379305693,0.010469384736491616,-0.0031081861898225593
2025-04-03,-0.09245623955872362,-0.09965479482563422,-0.10471045415356628,-0.08635626896338389,-0.06676434895057448,-0.06217334129093666,-0.09235803160115386,-0.09830899144827332,-0.09211503734835902,-0.040389334799651566,-0.02596200145342975,0.020473192552836084,0.028707580619362183,-0.06968512333601595,0.02593580800952422,0.02147130632797878,-0.054277114476095956,-0.0024248799421586753,-0.023630156307198336,-0.14439649281513878,-0.01659918827160567,0.01705004814750355,-0.021930192435240525,-0.005255395860035095,0.032950972320284766,-0.020038685384417998,0.01966913909559631,-0.027851970959486327,-0.052582847883955064
2025-04-04,-0.07288733474248388,-0.0539272205857535,-0.09489104086354372,-0.0578232250474674,-0.048333620317277615,-0.08224440583535031,-0.059770297343939016,-0.10362361741966752,-0.07906422031849913,-0.005647613523417916,-0.06575220255596115,-0.1150245157647507,-0.04117131931047646,-0.07483831425062681,-0.04441099465638043,-0.05705851200474643,-0.09181336705695864,-0.05695101005719905,-0.035565822515201795,0.030046708967905067,-0.05434338084294643,-0.05011891299516713,-0.09813399941402123,-0.07920940860592285,-0.02847671189101475,-0.0773741305369604,-0.05677336373540853,-0.04664227978673774,-0.07195587856313324
2025-04-07,-0.03673428915114274,0.0025676505433123165,0.016619110720564656,-0.027839389997242225,-0.002383593469610812,-0.021845441666396015,-0.0027534513537664784,-0.024113446249811044,-0.011257137385827676,-0.03500973302166255,-0.007473276014748564,-0.014105827771514479,-0.017097431637082217,0.019783152441421592,-0.022308068666477165,-0.0007328755894835393,0.012922569661412808,-0.0035595962046638396,-0.005502491252574182,-0.028646290023274013,-0.014801884271160581,-0.021496252083007983,-0.001106880133190269,-0.034797291075981285,-0.0006666877154158923,-0.0025867617063239923,-0.010457738941891392,0.00769325538808463,-0.013417691656354758
2025-04-08,-0.04981826981523896,-0.012335628813071153,0.0038167850854622376,-0.021852449758795522,-0.022422357701020745,-0.02297536881700768,-0.0189676429294654,-0.06213665749613495,-0.007067594210854677,-0.01835967658539228,-0.021038102204449793,-0.07358204172269156,-0.004116279306734305,0.011331759216443915,0.0007313367846661922,-0.00020018081113060138,-0.010812905492981972,-0.02746987868651718,-0.009221474734242618,-0.04207876894107532,-0.03490948387041137,-0.011483326942210659,0.02676446243663455,0.011546869453111785,0.05408806974016023,-0.012967548463629908,-0.009629054775875279,-0.024334927314355603,-0.02108016402333901
2025-04-09,0.153288616993843,0.1338431792881687,0.1537413589813228,0.09881720680892814,0.09287465353241253,0.06645730514403914,0.11894273251662968,0.15691601182163306,0.11823378509919769,0.06010624269566489,0.06460656273402354,0.18753456609289443,0.00646673873635506,0.08055518909809045,0.02236178155076063,0.013774476746633901,0.08776343813393583,0.037492203313916894,0.10133677966961008,0.11357231787655264,0.029761919019926975,0.024812166932062896,0.06616290617400078,0.048915623815483755,0.04596069577187145,0.0783729277951648,0.017073845264310883,0.0954883790416925,0.049915624825936256
2025-04-10,-0.042393783585858436,-0.05896468283622225,-0.03295611746287774,-0.03936739980706261,-0.026492341111207907,-0.07566934304071449,-0.06791331663249489,-0.08606833812711312,-0.052373021676593856,-0.004980532588612641,-0.02447826821026744,-0.076637318776416,-0.015102392171355672,-0.030852606405272764,0.011579870033342266,0.00927744291273025,-0.03867852862344667,-0.053229203510985035,-0.023406408480604823,-0.08293993105219555,-0.04001772859767916,0.007639263643881566,-0.010589359077954885,-0.011809833554042193,0.027485019510109288,-0.02352377505701031,0.016772370672595738,0.011272262943895273,-0.05548204478142327
2025-04-11,0.04059440515301449,0.017173619270441698,0.008487603068201732,0.014835952725624546,0.013076540024057337,0.004815593531187323,-0.00398927312002495,0.041773538123461185,0.009473327438510815,0.0006787245358221838,0.02583307733706519,-0.007042223116625057,0.020445156755307226,0.04002468513864166,0.009468558627670598,0.010170185558650457,0.02241108323842389,0.02101865729453567,0.018618120541983307,-0.00018384690314110497,0.014821633967765147,0.020481707200424415,0.009364849450391066,-0.00016314121635452317,0.00852947848872665,0.027078589917024942,0.018872438236558597,0.024169598094106792,0.03212246885408798
2025-04-14,0.02205412997037559,0.016923482134509227,0.01555727173156507,0.01591415488152026,0.0013953597688012298,-0.0022855492721820525,-0.002709339042398784,0.015828342899856684,0.019294556347120073,0.009438711081625417,0.015203036883116638,0.028875364814248572,0.017333485637779367,-0.00626592744264487,0.0142796860439669,0.019909703978803428,0.0004413007926913348,-0.000126291266777101,-0.0016476733551430423,0.01875349034470153,0.009584666003744635,0.01330064427123312,0.006861115378023808,0.023293714718485514,-0.020701568399756343,0.005339011689245776,0.013034479574785873,0.020797433046731317,0.002423838900220243
2025-04-15,-0.0018764476411760045,0.009710945211518274,-0.02360619371956363,-0.01573195126367788,-0.00365791731330134,-0.005764238180703596,0.004134147287323309,-0.04085871144803255,0.007758208299768032,-0.008650608028120454,0.006860137339339323,-0.02264889692606953,-0.004794083878540856,-0.006773904121678331,-0.008143534470505642,-0.011358208904211575,-0.005514281635687013,-0.00985215961261332,-0.0053633813244883255,-0.010467362168724792,0.01446650498979718,-0.0039023817340775313,-0.0038717256849818416,-0.0047041256219378935,-0.005910723078140445,0.0018795192634246671,0.004063171140857413,-0.008022810180584594,-0.002804900102019059
2025-04-16,-0.0389333647218012,-0.01915760425123192,0.0061085193039081,-0.011212079774477246,-0.02517484339420817,0.0060948063446901735,-0.02634987986156434,-0.008303297636052642,-0.017405363669914076,-0.022930720516707526,-0.008849165914657897,-0.031234298605463895,0.0018879179407607083,-0.015098942014685868,-0.002504859306379781,-0.010816740454135165,-0.0354870196416448,-0.024620546738307714,-0.036605968068710304,-0.023344964268034007,-0.017825217162930396,-0.012346417089460826,0.00474199984732393,0.01129534734246751,0.0024845727755860025,-0.013340914543991667,-0.019559306380968478,-0.02958388781267396,0.010572387838176489
2025-04-17,0.013949632775603904,-0.006365634873257031,0.034703090901892164,0.01416553610669724,0.0,0.018543186483353402,0.024646567239007933,0.024754319731414842,0.020919769459863735,0.026214639726321876,0.0010059527452492834,-0.015600584721889077,0.02313035295899879,0.010234770318884312,0.01841516748052907,0.00711740005503958,-0.001916328769443032,0.020141240583172237,-0.0103065155380615,0.04126975477114203,0.004537066402867218,0.025482304425645363,-0.002785434151235444,0.013387219764207314,-0.22379666403081988,-0.0051910476098224745,0.009860151026114261,0.022261137777288997,0.02620204402202231
2025-04-21,-0.01939280333250215,-0.03501654435927726,-0.015812215287855813,-0.027660214102717906,-0.024928258934614478,-0.030028298320914915,-0.00955071603945179,-0.0010656765908606536,-0.01595719121190098,-0.022982086571712856,-0.010845349845615693,-0.0047543661456403985,-0.0034928265087408317,-0.012803964810816137,-0.003150694317316738,-0.008287815948815669,-0.03164128259870247,-0.0019231271907796943,-0.02354668619772804,0.006456301021669164,-0.004516574404878737,-0.02254483257190676,-0.02149113300960659,-0.024505637021622784,-0.0633767895225672,-0.028852314653850297,-0.02520429526817136,-0.008689085738617153,-0.014683918955360475
2025-04-22,0.0340650774735225,0.040864304232904436,0.01995737421649557,0.02258202635626949,0.012323063663883804,0.02669555416253666,0.02488092996850577,0.031294441011110896,0.03715895374906264,0.021706566103604885,0.019812015096034807,0.035562636457936225,0.005289365539911994,0.028822212550100534,0.015528437361283842,0.033557881687211966,0.0812119232648345,0.014386771187713032,0.021441395531364815,0.01674981977589285,0.022232337457391393,0.012850701285900934,-0.09808126369479031,0.04695695972592451,0.004349627852568538,0.03530149949370176,0.006056237461674385,0.026404080035550503,0.028001980544587246
2025-04-23,0.024331588268553084,0.03058405155234456,0.06060786725191858,0.015798289292299872,0.010719428633838124,-0.004515727418035964,0.013938944682897692,0.0,0.017923364960801047,0.005614736590254132,0.01901202090248222,0.055356223015685435,-0.015023678383197181,0.022454267660646288,-0.008119112729145672,-0.0018802556327381925,-0.001980544972714604,-0.0029125217643402035,0.02063675292557554,0.005783377302388537,-0.006214086214697101,-0.012806901415472471,0.05740665695022096,-0.008533945215321359,0.0018259447490260872,0.008961959930279706,-0.011345174115145795,0.0011596750226738894,-0.008587235982468133
2025-04-24,0.018426141911106475,0.02760044997760369,0.022567729302328976,0.03749540568752785,0.011864130584901211,0.01748627236671041,0.031160501837493637,0.026206846938123807,0.030341406650671088,0.009034220677274218,-0.06578945868191532,0.04371052024577837,-0.002896279105963795,0.015609405593180137,-0.01064122288187197,-0.0070962709955053604,0.020726072592250233,0.013969964078138775,0.03448270502975226,0.018992850214200274,0.01741857115217038,-0.037410166499324715,0.014050560682186797,0.005095086953387673,-0.008669064831388407,0.004007553540568365,0.0025761624542928185,0.009267057502383658,0.011734976314224266
2025-04-25,0.004367266581964069,-0.009389587326982918,0.00958812262609432,-0.001336064522697078,0.0074613286302191995,-0.002444953730264099,0.0029996525275512997,0.008736564065937369,-0.0009351308651758261,-0.005727973508798723,0.013430508834970656,-0.06700793622124324,-0.002258993573135304,-0.004455477002182628,-0.008411339977577259,0.0016443645595367595,-0.011232644491524946,0.03632268533283223,0.0117480834781436,-0.01470590467834798,0.006145801590771605,0.009339946833910151,0.026645894616343924,-0.004761941333232489,-0.01322330967365859,-0.001608486123825359,-0.021023222964628774,-0.007825592444354879,-0.0005522065783737373
2025-04-28,0.004109335285442661,0.0005288661172990761,0.024445103557831693,0.0019904895934821365,0.0022923856469099224,0.009875490628251882,-0.0013291257787853006,-0.002331795362199185,0.0028264669491360195,-0.0018456494369780696,0.01613519940936059,0.02294269373192903,0.004981318800893142,-0.0013550176645720224,-0.0016687807714764746,0.0002210064916272625,0.004442097097038911,0.005438771659811437,-0.0017609209807419868,-0.005379956902196836,0.005671781465052206,0.005154711481812235,-0.00335410507130407,0.009453582234530966,0.0032486193755512094,0.00698148849135527,0.011453174359679297,0.0013672346252813217,0.0005525116789575346
2025-04-29,0.005091876364272663,0.00781268540613711,-0.0016456557692576812,0.0011072098891009574,0.008796587489726448,-0.005710249322362082,0.011202171582334497,0.023372254756431232,0.004611989208143985,0.005827604349669668,0.013677204154946665,-0.008288643315301103,0.00360465725469461,0.005756123653057221,0.007800373593094045,-0.007291407884135626,0.0032626926922367794,0.018271329296174477,0.00736277058446122,0.004013232452808824,0.032104260764343584,0.002533120737647554,0.007451928313815914,0.009326826684379785,-0.025642868488425896,0.01188108118820641,0.013210623416261003,0.00861163906855178,-0.0024853625926806178
2025-04-30,0.0061076408542186655,-0.0022845018010209106,0.006813216995406934,0.006083219100810444,0.006801529726418565,-0.023259281464850567,-0.0024130414667808964,-0.001957507199277231,-0.0024958295178575396,0.004150328104563394,0.010150756021033658,-0.011799398688186802,0.0025655642257613742,0.0,0.0027644228453993502,0.016375179006607565,0.003829964254933982,0.0057843841104439075,0.0030961157495594804,-0.01981227391487017,0.026061283293395965,0.0019106051505011212,0.003181349608226025,0.00030306924905132426,0.005400384683694082,0.011653713454345738,0.025844031717053628,0.012598843391934844,-0.0251938605595885
2025-05-01,0.0038588679064202047,0.007995298034822573,-0.001910096556555052,0.01516491010397747,0.006755581438445679,0.0014699508845645859,-0.0015392938624195773,-0.0019614113785976217,0.011469266979861503,-0.006075032597746333,-0.008932218255519708,-0.005970190893330951,-0.011835345347331883,0.009279753732374107,-0.01736736092568436,-0.01880176014423507,-0.007270974493899018,-0.022769825330107407,0.07625354383320349,0.006382900236069355,-0.019664016079590785,-0.01593172812563437,0.010148302985008018,-0.010146540431120177,-0.026152088091307424,-0.008827738586899336,-0.01724919904780653,0.001645387146021804,0.0014200212758284092
2025-05-02,-0.03736171359938467,0.030945012521166104,0.01405220259607165,0.030959227083805718,0.02081907893775381,0.016439239122175486,0.01850017203693599,-0.0036030852371394806,0.02215487164994845,0.01735971503228151,0.024576440482563466,0.03203209768069071,0.010747010467691442,0.022763110870288372,0.005049773875565711,-0.005356482991781375,0.03031186926465912,-0.0009608207577660455,0.023225257389123177,0.03224103456825822,0.011282849418086771,0.003375424031297758,0.02197629148547242,0.02279595447799232,-0.0018966898393402154,0.015038691387366354,0.010161678043727251,0.013756162820437234,0.0040650442654952545
2025-05-05,-0.03145849867088735,0.004262304090447033,0.005391998079363969,-0.0017609725548878297,-0.00016860539004948105,-0.02166058672550375,-0.004108563633031914,-0.04832342453185734,-0.011552816993849246,-0.0076537726836968245,0.014783149986448363,-0.01697382964232408,-0.007173956886153521,0.00019805398234029603,0.0006978575944747156,0.01205280474240622,-0.009009032551987262,-0.004087602604045726,0.002044639585663255,-0.02116401105520027,-0.013636330000715846,-0.010528123635048736,-0.012441421220303006,0.00048622748565962937,0.012227323804022028,0.002992005019393895,-0.004572505076154032,0.005873520315434089,-0.02768098920967388
2025-05-06,-0.0019106182615660217,-0.009567353177909244,-0.0026815401801807415,-0.006870648685026182,-0.0016857524661151313,0.0007379552404733758,0.0006514012571852135,-0.005181413167608118,-0.01822855421099856,-0.006496602042701416,-0.00024081109720441862,-0.01628021293801507,-0.0034193652210710024,-0.013105820102915167,0.0002789267744327528,0.0033890583673334973,-0.019744305009165908,-0.045871506199875345,-0.006557060985279972,-0.005405419594257332,-0.04147480354286659,0.0026442080573978455,-0.0033438884520787804,0.00190612964142578,-0.025444013429256063,-0.00269617735277905,0.014010188618860164,-0.007852695644818941,0.013944010497519255
2025-05-07,-0.011384846084720346,0.0031593303164276776,-0.0021510493699267164,-0.0018698071283369533,0.0059101291884848806,0.0014011155717654766,0.10762720677408666,-0.012152726851061835,0.004659992205095831,0.009377172412074586,0.01706001129756607,0.018555612937562582,0.018320763448274935,0.0005616929835725593,0.009481297685283385,0.004230027937124792,0.004492089859731374,0.0010121196404178079,9.230058356446413e-05,0.02769986299826388,-0.0039333413535611594,0.00025112357154655207,-0.005149911011042563,0.0030217375484464792,-0.00874502683387135,0.006183486617417966,-0.005889153066180208,0.002841249620895825,-0.0009549985745396228
2025-05-08,0.0063184946335548275,0.026860781486919727,0.03308902495382737,0.012363768328739644,0.0023501878393885622,0.00920537392439802,0.029679713486316706,0.027767991861711527,0.024967438172752265,0.005816693534161921,0.0030390676690270624,0.03397343930090546,-0.010425941019305718,0.01635989305962493,-0.01698894566771303,-0.014585369535677017,0.017888004913443334,-0.018579386107182905,0.011122677849317864,0.004947087583184739,0.007898100396405816,-0.004017745365772374,0.009176446169061547,0.007290126076096026,-0.014089906184342249,0.004058869392634223,-0.0063795218525417585,-0.0141657662716822,0.013956637169998398
2025-05-09,0.005266076204561099,0.0029966058003076945,0.01643197290255527,0.004225118881203693,0.0010048709829326707,0.010580960857134114,0.00780063415001786,0.008207944264029043,0.0024747766710819796,-0.005892578347508448,-0.012912941520831778,0.020000003633044994,-0.009250944211193324,-0.0015386176122815787,-0.009133008748219429,0.0006061922384552609,0.010487577067784581,-0.021635487952735732,0.0012780851828013695,-0.010354784937922745,-0.011535059761409894,-0.00624010600145064,0.0,-0.003950927474459021,-0.01273495602399577,0.0036154176060207988,0.0,-0.004887072695855421,0.011690265320599025
2025-05-12,0.0631462266329994,0.05064844241111022,0.018886284631811634,0.05199303505602937,0.03178847542129781,0.022600790853460673,0.04294882295656888,0.05088193081986714,0.042743872236518765,0.038267410752371056,0.018017668445098334,0.03548086956932117,-0.0005186955049304443,0.02754067399029414,-0.014038616873722543,-0.0056108427028591645,0.05420761320903944,0.05870730313467076,0.024000988384389466,0.073413380868109,0.036355483439594494,0.020550464225065346,0.014688745946870752,-0.006265098443562933,-0.00496536634628908,0.009389060494291446,-0.013987609847818328,0.00031009482797883514,0.017239923294676274
2025-05-13,0.010152256278603833,0.011307301206179066,0.024631035207352214,0.029163706347453466,0.00178372302034413,0.005154727846778062,0.008054976717415618,-0.006778551092945562,0.021087627344712256,-0.007939595407907452,0.019314925698475705,0.017132513775391045,-0.0369793519438496,0.01138251958188663,-0.008197900587357143,-0.010355257056763878,0.002727338683659264,-0.047246094318806,-0.0002670028025409943,-0.003036129840240931,-0.009527949835739569,-0.013486608340013362,0.0012255101494231813,-0.011713702941200443,-0.17787459378012938,0.0024770343187552335,-0.008139476239687471,-0.008992254458819904,0.0027481297141354055
2025-05-14,-0.0028178284904083473,-0.007277507453190002,0.006390733769833901,-0.008169284143365263,-0.00793134582657573,-0.004777015909709803,0.014006169717588612,-0.01949950379875276,0.012901295859137685,-0.002114585190580054,-0.0029776879190238636,-0.04609924790772901,-0.014012460533428417,0.00999965555596427,0.00290031883072861,-0.003854988057585995,-0.018973041669014368,-0.04123706943125405,0.008460528771286668,-0.010578602878775212,-0.037166510289631915,-0.004472947454343901,0.0005354675990842939,-0.008795217453160253,-0.0108227546225802,0.0008984671871112848,-0.007034091839898782,0.009908278891064493,-0.008952869044711709
2025-05-15,-0.004144455183460405,-0.0018327655596246384,0.007424796128358002,0.00042896794248692416,0.048458170592232674,0.00416456766430362,-0.006375058826370794,-0.008949322732104026,0.00703078941077151,0.015611193857938632,0.03436500358996031,0.0013939952908343933,0.022205545587235198,0.006964165697890934,0.03542503900670346,0.022699302694139556,0.005815478930409679,0.01810269058666436,0.0022561216289509467,0.010853785114989467,0.026339659265470772,0.02778123700342805,0.036164881453987,0.03164629190986856,-0.10928225004769598,0.016383295433823886,0.026682411402575434,-0.004957144644249345,0.010140409731145494
2025-05-16,-0.0008985807760553133,0.0005675704207650512,-0.0020364534414213376,0.010777292413833628,-0.009959579257057927,-0.0011245341427402744,0.010693245499487247,0.009699027954894301,0.005082007394923593,0.005678276766158508,0.0003001521380945338,0.005104436855960071,0.0114966194550572,0.0002617245273319746,0.0054461782416470594,0.013132695797719807,0.02938002612542512,0.016844797279414347,0.0025158200042567636,0.011378166912401788,0.01017693996908009,0.005356736657167627,-0.000295192600384242,0.01007764255033905,0.06400592791736348,0.007783597046391311,0.011729552927042253,0.019615916998958705,-0.0035917753802243713
2025-05-19,-0.011739103087880398,-0.0014013892317145116,-0.002769445651223057,-0.0028564602654040927,0.0047155040705388895,-0.013533779389329204,-0.006700709177697051,-0.0026499310437244628,-0.010871925777543812,-0.003676609532454078,0.006185262563000338,-0.01292708627045358,0.007665331538957654,-0.010016405327326283,-0.0009722297795884405,0.008223213067009683,0.006727285219756629,0.015382709220959745,0.010126108524079136,-0.01632064447334336,0.007446343062099681,0.00912553458418719,0.01269566548179557,0.0033255490568522283,0.08214867914245061,0.007613997284814156,0.007274358942412462,-0.0012214214166215154,-0.015898057145843913
2025-05-20,-0.009196227967492532,-0.010457635028681023,0.011790490469892001,-0.008735941424672045,-0.007822307556266783,-0.008809336912295906,-0.002662904572939273,-0.010627623892236815,-0.009439608001358457,-0.006141612145105224,-0.0054393908858234585,-0.0051449348606515954,0.007672593709979747,0.0030201783792127568,-0.003336526303359899,-0.00445164430083167,6.483705074122881e-05,0.009581723104001849,-0.0015254229836257904,0.007731884405806744,0.022608803293822533,0.005280011988120004,-0.00014584513155702084,-0.00302326141735898,0.018012499895972978,-0.002881173970986084,-0.0020310381137329525,-0.003261288817383967,-0.014276316370250508
2025-05-21,-0.023059151208633444,-0.03433836730602091,-0.021476339839179848,-0.01997187456054006,-0.0034688847756428887,-0.012457227559051987,-0.016909978605788023,-0.03491106274556954,-0.02153277057062286,-0.016469993524766302,-0.022775872783684314,-0.02726844904671133,-0.003123817710209198,-0.017464567683463383,0.0022317253189367836,-0.010506612886974187,-0.030814169088280607,-0.012697063886940141,-0.012222561367165596,-0.04124040899018244,-0.020408187250064547,-0.0012677949175937675,-0.016255963089398806,-0.009352903407399693,-0.057839365572577406,-0.023279990661149497,-0.010628742661803692,-0.014008240850007292,-0.01229153476802547
2025-05-22,-0.003612269777481525,0.004125725339943376,0.0009841884830199543,0.007824584802941015,0.002531640466002072,-0.001991748243932445,0.006065520803810287,-0.0027826580002193735,0.008037610405437379,-0.01270083056127047,-0.009583356574074386,-0.006766616403253156,-0.0037211008216114783,-0.0014173302889515238,-0.009881713834722694,-0.006731092418942541,0.002543633925474076,0.011171544894121421,0.0050599524837939835,0.022340789616111634,0.0,-0.0024178906137121148,-0.006520868388313561,-0.00025825593503570055,-0.020826508878638905,-0.0009209213111552872,-0.014171408795213947,-0.005185085498041531,-0.006656383114642339
2025-05-23,-0.03024421041472658,-0.006824921917813587,-0.0051620030129000405,-0.005214451642986506,-0.003945752454213025,0.009239400229291483,-0.01268779156683053,-0.012207831680114523,0.0005182016392983879,-0.009340933880837232,0.0010063612457236193,-0.024330901146618178,0.002162394649670718,0.00015331777538163394,0.008855738037848004,0.0008272276521856803,-0.009594164774592295,-0.0033400991752524645,-0.010288843235963574,-0.021200249880523714,0.012152656673309226,0.005029365306285172,-0.0077967341014826275,-0.0001474345871099736,-0.0037077876363224016,-0.012375269655431453,0.0044052388205158,0.00427392602203458,0.000582674882050549
2025-05-27,0.0252982519087801,0.029941853900262272,-0.006572454175939768,0.02364653350111201,0.010141003679668081,0.00944781722551169,0.024061265267207643,0.021186430886229735,0.02871979512633782,0.021201436292245024,0.01778602008154717,0.024937656809272957,0.010617237949023473,0.017567500006796077,0.00013938131740154347,0.0012080257178392895,0.012667687796305005,0.0001287955698336951,0.023346185665684027,0.046817763351888475,0.012435748618029097,0.01145546124428698,0.013902590156139816,0.017857086099511088,-0.0019284946012091408,0.016292295948824975,0.004155180627616106,0.012871116899660251,0.004755866141227694
2025-05-28,0.0010488493588676207,-0.0013617447456355514,0.0023379655949713474,-0.005746737715716765,-0.006431352466276352,-0.013132095578605174,-0.007476040787430249,-0.0200553205294407,-0.01183959153238956,-0.006317439561496885,-0.011359039224281386,-0.008759046448164054,-0.005350840152815284,-0.00678507325697808,-0.008776671164287708,-0.006699530426254152,-0.005552206268999327,-0.018301258774447327,-0.007228264612688884,-0.016711858758861498,-0.01821263232560144,-0.0023843086943394765,-0.009985820689686675,-0.008083243129187623,0.010542293568199801,0.0011967982960074952,-0.008505755482349442,-0.0034843489558904484,-0.01362048564742424
2025-05-29,-0.002345059699954133,0.006885864076666914,0.03315132841578783,0.006581089157642994,-0.004578418328448519,0.013894973109321196,0.004483520530289109,0.015878679513015026,-0.005883896501071684,0.000624911639356851,-0.005955842645903653,-0.005891057157065616,0.007544524421588594,0.0033396986178690913,0.0047785179977930525,-0.0031326631336399124,0.006524975816258882,0.0030195859317698748,0.0028861443683056986,-0.005503411961715887,0.011648003036424548,0.007170021627924461,0.014678110379888532,0.0027773099332621953,0.00020137357318894544,0.007422213180942494,0.004637175293508822,-0.0014397115009097128,0.005680165338546095
2025-05-30,0.004501165153201203,-0.004502693391937651,-0.004130970226816411,-0.010688168157857891,-0.0001586575428680348,-0.008773891558656266,0.009105535043033797,-0.012460030028666913,-0.0023426935041589436,0.0,0.0014301993226855103,-0.03456793891059029,0.010613431436298226,-0.001399477762966228,0.008532744050602448,0.006381115342754651,-0.008554433205395284,0.005759115747928867,0.0036626247995799055,-0.013834573542042428,0.0017057520106513735,0.00789048787373603,0.012462941344203005,0.004701017611997926,0.012543224106274842,0.007698613901255147,0.01453945618475383,0.016683842051564035,-0.0037977891174473255
2025-06-02,0.0042319709002895944,0.004352930892801865,0.02001733431349151,-0.009654308432842096,0.012849013178443558,0.008339485418908277,-0.0007962197894677558,-0.01946643734175524,-0.002881234166446145,-0.0008961143752861389,0.01868290459612232,0.009718697773523965,0.0012240380877870383,0.0024999935804823625,-0.001387003957621813,0.0019226026079735004,-0.013144675593818933,-0.007678297590669181,0.003497336510424276,0.022927369037132328,-0.001277198571891125,-0.01241989364836027,0.007180576957067641,0.0023213204821685984,0.009307322344160651,0.0003560670469635596,0.003184726515893299,0.010636072027891297,0.007331289119172357
2025-06-03,0.007783811173800226,0.0069753614360543725,0.009268413693498623,0.013723223898857606,0.007987492548213737,0.012405714421311442,0.005754824895905841,0.02169113962086122,0.008534931552056646,0.013914609903983521,0.004926189685169113,0.027862267010453134,-0.006306277345838329,0.006083216973815864,-0.011666542283768955,-0.000927458402769199,0.011817048690669907,0.011672137130465554,0.0021646280560383424,0.012993342804317853,-0.004688713633139163,-0.005542868829497838,0.00029099981068281267,-0.0009771034249946853,-0.011485990797890921,0.0014780955843529675,-0.00612230811212533,0.002104919288816065,0.007278083248626999
2025-06-04,-0.002213711137626917,-0.004909564667801458,-0.00679378249543805,-0.00020044535793606322,0.0004660446099893356,-0.015621688381944221,-0.0009683302653017423,0.017632272680623284,-0.007651156605988363,-0.0018226076856615592,0.0012066097237273254,-0.0019714595230369003,-0.007770998518065508,-0.007698850518846112,0.002951009884718969,-0.0026249166266235635,-0.008911171494477954,0.014648717383529908,0.0019439176907138922,0.006413371408447999,0.0017129725070363921,-0.0053941620546253954,0.007636355611118084,-0.015249742195169835,-0.0027885821632185337,0.005849234560066252,-0.013461114604614854,-0.006301340755877849,-0.014450841314412433
2025-06-05,-0.010797728543074925,0.00010147006177141371,-0.013963541441347371,-0.0010590560947121297,0.0035720438015769407,-0.003421438491211126,-0.008458907781128455,-0.0035360711828467117,0.0111312825505967,-0.0022156853005421695,0.005046690761245642,-0.012839517475646267,0.0028717153990196476,-0.008591258859429574,-0.006445303982241413,-0.008312737006337056,-0.003746390169663494,-0.008304571685255224,0.008213496477298854,-0.001593125546283436,-0.011543340623260012,-0.018981492832403135,0.0037531253460239,-0.003089846027162224,-0.015114187837378501,-0.0033423655614319703,0.0013875314396787353,-0.01399089985351365,-0.004594356520152498
2025-06-06,0.016398234140678536,0.021996249408626323,0.008515925475614416,0.012580161503869647,0.022284018547421347,0.024178353860915935,0.01217459013307165,0.013129795480272044,0.013402024999086048,-0.005280534800317538,0.007531966461205242,0.0035017356491096052,0.008915778156473486,0.014430142755744058,0.006204971970184436,-0.005243108493358961,-0.005196209375470717,0.017392477783435556,0.005773218004487157,0.002074325108579078,0.009948132050116243,0.007493818898917315,0.00021577830949714993,0.009851809629462194,0.02494582823292313,0.00940644471918084,0.011547377970166695,-0.005001992990730453,0.023961454675160754
2025-06-09,-0.012112531599563048,-0.003008602235587521,0.031831078548089975,0.013357950118844553,-0.002421919116083693,0.003922580991608582,0.01545213991826011,0.029422110014668768,-0.0007817144771382623,-0.005798592286072601,0.01193885727719235,0.02093719279539452,0.0012900041582333266,0.0038007756703972717,0.005886412690213838,-0.00839404731996396,-0.00872858075333871,0.004558674020169962,0.005038498867470098,-0.01417191638959503,0.02655234222650571,-0.008901379118124608,0.013515407412402203,-0.021593905875531227,-9.883696735135672e-05,-0.009615905715324224,-0.0034246584591413054,-0.00020524377444874897,0.006713318804049573
2025-06-10,0.006056021902935083,-0.006764838017677688,-0.008183526386144724,0.0013963377296339896,-0.011380893901080547,0.018400168535766648,0.026543291456379237,0.04457301427153615,0.0022003544771063144,0.007420648076599035,0.015289623671126629,0.07812502037268176,0.007859372563193023,0.006973106931947415,0.008081419402375722,-0.014272577470240577,0.00575469334720391,0.025463186402264526,-0.003870966156736544,0.03165880376056873,0.01376719076393873,0.001722452466250468,-0.01744932166349067,-0.013799272240944127,0.0019788729125767013,0.011018385948356135,0.010996530420942952,-0.0013340445098457554,0.02143473295494358
2025-06-11,-0.01919373183369144,-0.0014022226452659048,-0.008019263717614855,0.012745178078434227,-0.014735197038785564,0.00997550789159063,0.006653739970781114,-0.0006515042297984275,0.01512516130860786,-0.020249563176017782,0.019113839240031627,-0.06340578004382924,-0.007606305786657774,-0.0016753650894021366,-0.003870106371206994,0.004293836007991159,0.014614685792639692,-0.012661301061131836,0.0036099435659899815,-0.011899144932256522,0.007407427269027433,-0.004482893494655138,0.023751081654052042,-0.006577983903448215,0.022285164175877004,0.007040693398192133,-0.008837510307629026,-0.01561848416216527,0.01949259597800257
2025-06-12,0.0021128663073402,-0.0037112170638458064,-0.04789719626168221,-0.0060033111215925805,0.014176671951948272,0.0013123625296254104,-0.007613785934205364,-0.01760107295512081,0.0015060044048589294,0.007490471838848434,-0.0017405470986930904,0.004352038262076974,0.009017147549192472,0.00033554339989572135,0.002358867082024263,0.00477268316341406,-0.016374436122628233,0.018675301941037725,0.01322416250280134,-0.004912088531699554,0.014705921494162721,0.006600401484739615,-0.005852862056678565,0.017912555934957552,0.025566684317017474,-0.005116355170708187,-0.013260201618239376,-0.010125293765150256,0.0038422995754354705
2025-06-13,-0.013805194198080128,-0.03422920976008226,-0.01683431988113493,-0.0108322649849949,-0.015514702271674286,0.006484141651558639,-0.005648743074726292,-0.007962796798523741,-0.018508789598938646,-0.02340568192266712,-0.013557198357091016,-0.03033226067550443,0.0028086572104812912,-0.012264937068807713,-0.009898245907741465,-0.0041232581767645105,-0.016923298769280337,-0.0013443799165333559,-0.008165080510427192,-0.03614647409307303,-0.01207722038411474,-0.017771721941551966,0.03340898489175648,-0.009325077659054992,-0.015604375692423234,-0.04994621284931855,-0.0034754413231270487,-0.004112625240966228,0.021780751632478612
2025-06-16,0.010028022576847206,0.022342738506071713,0.006888925586898242,0.015095948240300139,0.022156375399898565,0.0008224525093947221,0.01305750214870538,0.02240802262202779,0.02332369942774637,-0.003101608618737095,0.016629252649812853,0.029791479625273176,-0.011966908284522959,0.02041878928686347,-0.007040247086833484,-0.018614761873345542,0.01932259133682601,0.000741618623836926,0.008800777142615956,0.022633433976066986,-0.005705075407518856,0.0037434186370377542,0.005285252355494041,0.0063385398761761635,-0.011756393023916067,0.007453644450073682,-0.011857729613731549,-0.0015883110670179557,0.0032108787170341824
2025-06-17,-0.014010737856372857,-0.004792431354892046,-0.007139328027732983,-0.013133194103389867,-0.0027475341440935663,0.01931111704886468,-0.011299036859342637,-0.036964342181982746,-0.0051126274333040955,-0.013519591024276911,0.004328878578085504,0.0028929347446733367,-0.018296607127384346,-0.0031068986256361786,-0.012762229052282414,-0.013432845560860995,-0.019714550140712883,-0.033102764776580584,-0.0022958026862665015,-0.030694695140663808,-0.016393396193971177,-0.014669251634204072,0.01379203031795928,-0.0027533259194808535,0.003932942438056974,0.006638907180935849,-0.015294153775415098,-0.00042425045099425684,0.013513437922057614
2025-06-18,0.004804711390223648,0.012328881344952913,-0.012883261269472479,0.005927058262786833,0.007806245871333273,-0.004434039592704386,-0.0022855420171520313,-0.03192932630508272,0.016969708757968993,-0.0050175328989339185,0.0005653678159678321,0.03317310381570615,-0.010828246302633127,0.016473751489550992,-0.005889164967844307,-0.009168297400492298,0.0021093782730681188,0.012902418081338185,0.0046021071052808615,-0.008166700463715149,-0.0050000678708742585,-0.003154231784506578,-0.017578132056002227,0.0018532111239948357,-0.0054067570792236674,-0.04879272889511921,-0.004301039202676882,0.008912391732083913,-0.007105234701280216
2025-06-20,0.022484522595249024,0.007320669820386483,0.0054128255962335725,0.002001154078533851,0.007290622276571623,0.009177439166721646,-0.0019514971153350436,-0.025964950538231224,0.008752598684318658,0.007463389452982305,-0.00790936798905073,-0.019078634331264,-0.0062363212404481505,0.003796147839549846,-0.005346099040572483,-0.007492407560861336,0.010665992279840886,-0.0029007746930242995,-0.005913685323681417,0.004705166443120357,0.0037688542965708116,0.006707993317559335,0.005278730902398054,0.00030201248349115417,-0.01689455826278352,-0.005317598471054286,0.0007199994246818164,0.010831958874729652,0.013340352368176323
2025-06-23,0.002487626530422782,0.0034830384849711127,0.012880490860849081,0.015838293636846634,0.015983006848862003,-0.01798729929600784,0.0010201575896611192,-0.03206049470307504,0.009488206604944649,0.020994195784306502,0.029220166272139414,0.00521824529173065,0.010214356804907343,0.01189083305190164,0.013073795408788058,0.007166212877338873,0.02478649809198563,0.013913490752341495,0.01801422469496128,0.016557898966930162,0.002503163034668132,0.012257908852973065,-0.005660081563033659,0.009962940345739746,-0.004403907538787277,0.01529962954458397,0.015827361530561745,0.01820636720436908,-0.025806441563795968
2025-06-24,-0.0059553368706062315,0.02920267160811396,-0.001837937120235722,0.01854021406458517,0.007569090049813543,-0.02253847838796552,0.011940311521355218,0.024562718640679604,0.023543715268255827,0.009692989696394427,0.015941602901180962,0.06418115472989605,0.005749418948185703,0.010745092836933257,0.006739319251038767,0.00673529843582954,0.015379411454250258,0.001995970573130723,0.008456762142235563,0.010529793628536455,0.011652068270259441,-0.004160712566700808,-0.027158567082451124,-0.005530158317254563,0.016429419445297855,0.022923569596008164,0.006373883488295373,0.0013283195780631196,-0.030427731851507267
2025-06-25,0.006290573788700682,0.0006809180717108898,-0.010152326665352485,-0.0038604643081217027,0.004418918274920358,-0.0022292277216144907,0.006489647140025312,-0.02579005781611121,0.01172011987120225,0.003995276413112148,-0.009292284558338304,-0.015520997160207273,0.0005913395967862556,0.00995512262971765,-0.0082609126981954,-0.020310894883126984,-0.014145633273024427,-0.008092681947450497,0.004407191762580975,-0.009605970116826845,-0.002056700043744364,-0.008667900376306492,-0.0033133740729855976,-0.02002703951400253,-0.011779310436303203,-0.01811558000162905,-0.01196342831308006,-0.00755099930745895,0.0002768969502402463
2025-06-26,-0.0027784006959959973,0.009170832207276547,0.018501800138241986,0.02771954122834952,0.011145221819061302,0.008448002440490932,0.01708257366275734,0.012304219167614372,0.025810979149305968,0.0045321939111000464,0.0029890281301501176,0.013513478682458668,-0.0017730713004598941,0.01651069448381226,-0.002297870075829045,0.0002801996543451146,0.02037225344843807,-0.010543440302821061,0.010522701831922499,0.02811114729416908,-0.0008244406194812814,-0.0021387477703332936,0.009124264635978374,0.00820526099125729,0.0019866702540207726,0.0022301810920888343,-0.00047480900452057107,-0.012749444543077026,0.014948797921109591
2025-06-27,0.0003980202448676806,0.01852797732652589,0.05908777328714665,0.00741068269255285,-0.004350872666281647,-0.004500201029630668,0.007245161041092629,-0.0055248673908533386,0.005311702068190982,0.01441534741633177,-0.007638827304976781,0.008444468180338616,0.0026314679848005174,-0.005679748778044003,0.012379442803342133,0.02072606503259422,0.008357665265927627,0.0034250645565487847,-0.003035451888013796,0.15190278782716593,-0.0020627207534354985,0.007753815173544787,0.013948295111098075,0.0013689598492045985,0.021445930438587668,0.007455991141971596,0.004988143804348644,0.0130181839960255,-0.00554596505441729
2025-06-30,0.020340156705265455,0.0056432921805606995,-0.02339782894922593,0.009097759111312831,0.010633676698885708,-0.004172678143033792,0.013650530066450672,-0.019259249916476318,0.02452192736431491,-0.005695019330056228,0.01753550064975129,-0.012781000824220068,0.002230836964242311,0.009752390445922243,0.0059718182995769364,0.0021267260503572416,0.0014471573384093883,0.0007585923883806078,0.002964074054145005,-0.013881244803648385,0.002066984364982316,-0.0033778608242758246,0.009401339228390482,0.01606480101230634,0.009252475854445663,0.018473381781085374,0.02268960354328642,0.005243141230527604,-0.014445029774920126
2025-07-01,0.01291615425542747,0.011129206782950485,0.0012408462193989056,0.006980782354977455,-0.004035764741915582,0.01662122152153933,-0.004193244605299573,0.050981923775591076,-0.0018226063530949466,0.017783101608575436,-0.012144681882129582,0.020089320116201792,0.020752829558525754,0.0017247203108854414,0.013003590442264956,0.018208507107464023,0.01031265506777812,0.03347647221367067,-0.010775866174716486,0.033361527288311876,0.03300336914857538,0.011925603376025551,-0.012532529157901817,-0.0020184394476182588,0.04542107609121948,0.001182998639275512,0.009475439100880223,0.004704389585273638,0.013357992187439827
2025-07-02,0.022230762139012317,0.009549420026983224,0.010677370536491315,0.019211087170405206,-0.0073806836594442204,0.01655561966642649,-0.004129844648621206,0.032339163352067546,0.013348203467207886,-0.003510564880682021,-0.01219097539791314,-0.04245081857809285,-0.0023088716428645295,0.005475076206596929,-0.010604096461922285,-0.009613724040613558,0.0010402569323519906,0.007089582952302109,-0.001950980777077449,0.04059390425448561,0.011182076002602459,-0.00012407547934589758,0.0022886415798302195,-0.03617977491985769,-0.05696944507114721,-0.00351645158521674,-0.002060422138746132,-0.006412793266465822,0.01656909585168198
2025-07-03,0.00522506774348952,0.010283709622403991,0.018346457633561464,-0.0014306710839609993,0.01745385574969127,0.0026354237358290344,0.008294004026865975,-0.009397891626634958,0.010881580102253485,-0.00045716245807314593,0.015018241176611546,0.02787937082947267,0.002892743882586757,0.01858212743145793,0.006204966640389831,-0.0018668876403851176,-0.006689601261609335,-0.017720569862210267,0.01578120791675297,0.0,0.0023696224199905025,-0.002295345306135399,0.008510951476568884,0.026385324806206034,0.003218790161861218,0.013099080240914107,-0.0009176841397224855,0.007683643987845379,0.010355612142045612
2025-07-07,-0.016857955249283796,-0.016456893335741407,0.012550975995038405,-0.015960280040292485,-0.006342740800923563,-0.006537705308071851,-0.006774164015246997,-0.034434220550828454,-0.01761830952954302,-0.01086957239764752,0.00171253295845597,-0.021787451138502223,-0.004743259724776072,-0.0136148522647217,-0.004765208557743539,-0.0018701707042142468,-0.007192361004158321,-0.00037062427961276345,-0.0022452133265176144,0.0018326795220275915,-0.005516177686471169,-0.0020517771198667045,0.0011663525583467393,-0.019460087273996174,-0.01568619410483285,-0.006186117530087243,-0.017221590102977302,0.010064995874345284,-0.00971473073248763
2025-07-08,0.00028578971805215403,-0.017816769776221042,-0.0005031359277997138,0.007100670453241031,-0.004932651238240493,0.03962012859163622,-0.010880187783701811,0.057496303389615644,-0.019200135061233303,-0.0003808373211893201,-0.0070092228896331266,0.07227273420854052,0.003348965137104587,-0.03147584325317632,-0.010843616894813723,-0.006336617596671257,0.012513232751746317,0.005809615727838668,-0.0022100998850178577,-0.03410424608280527,0.015055542452691917,-0.016261739320197033,-0.00692158800035414,-0.010038973278542196,0.013137568977924952,-0.005860364077619917,0.006074817541279698,-0.02274782612443882,0.027720229893253956
2025-07-09,0.00538068961510163,0.001167312658817643,0.036976028157953644,0.02001058112930143,0.00991398198890181,-0.0014356377875491821,-0.009932680081299217,0.026841072380475284,-0.0010326129331293954,0.009632708567828496,-0.0009640729385056446,-0.006358610324714964,0.0031452944701659824,0.0013438447906981565,-0.010819983477131312,0.004628405420367132,0.014569926363787067,0.028757484963318314,0.013873849785578818,-0.004870133070145721,-0.002341952139527259,-0.002343268963576506,0.008763979109863484,-0.004173357152178814,-0.015567140961696535,0.009053734305776162,-0.01045053713687738,-0.002883950357459364,-0.0034152484592233634
2025-07-10,0.006014977043711456,0.02486203371696094,-0.0022507049950917235,0.015291704307886844,-0.007362439447827551,0.007515291525070911,0.007876601802791594,0.013069665762194926,0.0180314406547335,0.006090911970908053,-0.009340396891801439,0.01621156792272571,0.009022224796915834,0.017763852932114466,0.004173798006809726,0.01832652088641229,0.008591010006756994,0.003703180433172859,-0.004031705316035028,0.01441000336849907,0.008607212770917583,0.006157880154741058,0.001505025400907689,0.0026241847913810457,-0.011224382515503839,-0.005254913927602467,0.0023370278206713557,-0.020142482585426724,0.00992960229237072
2025-07-11,-0.005884853456365136,-0.017740699239021773,0.0033172630905753397,-0.005902071664240949,-0.011780094630558069,0.0073944843145543615,-0.013902557140124339,-0.022494195105268955,-0.005880485367406818,-0.008652512379876187,-0.013359800927691401,-0.0163727705560458,-0.005009811319136248,-0.004615161484364139,0.0014333421521486311,0.005093985084207775,-0.009407664073145194,-0.007855149070389977,0.0036691290886827765,-0.02666847687061913,-0.005042673399625941,-0.00908575161265257,0.003210397387044095,-0.005898702257973287,0.015325011291611679,-0.02233899524702232,-0.009754871711924462,-0.004849281527907867,0.004350489297407112
2025-07-14,-0.01202881464197092,0.004538813926729057,0.01617879663284172,-0.0003695891960088238,-0.00191316142555098,-0.02356577174000829,0.0008342243416186168,-0.04399320954090147,0.01184472827465477,0.00010806063503654428,0.0007052551092050496,-0.005548487683396108,-0.0005098125694269484,0.006414449578479475,-0.005724942428733337,0.006568683724361479,0.013282870976317307,0.003718728652132297,-0.000596086828139053,-0.0052320131202627795,-0.011695911384398627,-0.020948759261163685,0.016409047333176385,0.003890301680192554,-0.01157521648808657,0.007386573832371068,-0.0009610244363863485,0.014618653936431691,-0.013081540891574872
2025-07-15,0.0023488288655426626,-0.03200185636278541,-0.0022124615807962433,-0.0027847532450937518,-0.009436790547342477,-0.0063303759971904405,-0.008252045125416663,-0.009203534949741243,-0.015126785467116433,-0.03099073017877918,-0.0038407899909113086,-0.016308977390959822,-0.010521668823497476,-0.007447246501936622,-0.001583396513893831,-0.007486456607770364,-0.008359267353727717,-0.025696156267637216,0.00556639023300276,-0.0035985594722933723,-0.029191276887040596,-0.007023937328891505,-0.0040192741180060665,-0.0189846488401878,-0.029509619054858494,-0.009928733146157276,-0.00769605774530302,-0.004071833989190865,-0.008865807496661327
2025-07-16,0.00502133715468478,0.004023872792161098,-0.0004348091457201386,0.02036377129525979,0.0028283134340261196,-0.005109812802309488,0.007059979107335135,0.005358992789741501,0.008982029128705049,-0.003457582909593193,-0.0027590882550897478,-0.01003488400832142,0.06193208957752061,-0.002547558437330566,-0.0012976111739761986,-0.0024030670756866046,0.006194539834675217,0.01116292037928357,-0.00039540699393569856,0.0015279495562523504,0.0,0.006877149394167281,0.010021577816359706,0.006264478254078831,0.0026739093862757635,0.008299247453688041,-0.00024235238111447455,-0.0025159886815783183,-0.00602252734257136
2025-07-17,-0.0006662490332222104,0.011061249841581411,0.004784715670810069,0.012570255721676027,0.013804325944100748,0.00973851256567504,0.019946581503385463,0.011371696932608089,-0.0042041402522795535,0.004588751294952287,0.00028370734157667776,0.004847893363326472,-0.010923726816720492,0.014274761395282276,0.019055840366799748,0.0049180290836983165,0.009393237541214017,-0.01103968525180532,0.012024873520068091,0.01220537337233596,-0.0012190732860808406,0.012294137898310797,0.008856558854374752,0.0381458354177977,-0.015111570757725734,-0.00025720583417765397,-0.00727271016960318,-0.0006306640819646603,-0.005078827725166879
2025-07-18,0.005523280640275852,-0.023465956850658443,-0.007186163039434534,-0.010428932271013491,-0.003660285581165157,-0.00885195670111838,-0.006464290331769762,-0.00421635330752268,0.0034285249310044286,0.0010026795392596988,0.013723312069534144,0.013157945370521729,0.0044177112856575995,0.004725665662063339,-0.010483062755487604,-0.010986454324279027,-0.0365316627878679,-0.019136380928077457,-0.0032245775907299157,-0.006988307599445576,-0.0044752305591584385,0.0034744669427086983,0.0,0.015889417416506513,-0.01881496527989135,-0.00217262618850389,-0.0026862468595387767,-0.0004205203982148298,-0.03483796267310457
2025-07-21,0.006155827878369324,-0.01617143557703904,-8.715886452892452e-05,-0.005167328790608217,0.004261489084882886,-0.0023993384312462895,-0.004776822927040958,0.0017642241424924432,-0.003190946310385523,0.012910423168909224,-0.004057725873103268,0.006926400206489047,0.004031804485792101,-0.0010298840080238403,0.0031496751103023968,-0.004477119898605664,-0.0026756415345650097,-0.008129116940898906,1.9597398712045688e-05,0.021388133924972408,-0.00858185248725174,-0.00045135514031191537,0.00039604789721336964,-0.010264325062189994,-0.001804253000035061,0.005414739031798899,0.04040166319605332,0.006522779443904003,0.002598160623080048
2025-07-22,0.0090362347501034,0.0038618023696734838,-0.0036630541158672036,0.017362831067152307,-0.0026338497368003644,0.0024051091019459125,0.001820599365858655,0.04473407915008387,-0.007917856422395064,0.019146202327870787,-0.009658947444262433,-0.0008598648996932523,0.02172064009298036,0.0015808818686022796,-0.005851234475521827,0.01159815572709344,-0.010600719528824687,0.029000142709492804,-0.009391045243034468,0.01850858752625162,0.03627367815026461,0.021221784131627563,-0.015769308438406293,0.013447773421104259,0.01059756707237236,0.0026214332037730603,0.011061375130065443,0.0018814688982111694,0.004534908573220919
2025-07-23,-0.001166074880693091,0.014861472917063967,0.023634494293815145,0.024928697283710832,0.006748799526499649,0.0205279017567932,0.015529530156338955,0.02393803951316431,0.02442858652226909,0.014393143068722303,0.00017738781918708035,0.010757315080127006,0.006967243274947688,0.018289186736291096,-0.007177695672413553,-0.003509795276133376,-0.0025132192706684986,0.02904064101774928,0.0011875122281272965,0.018039493894011382,0.00875100861411826,-0.0002527270059187181,0.04907163043700491,-0.007646760067598568,0.025882957359876224,0.009748281127208935,-0.002793325608317909,-0.0017735792696587094,0.012806324461428709
2025-07-24,-0.0018212004700020046,-0.0013283299341197985,-0.011159571386443745,0.004513665287894764,-0.004809077046237453,0.017698613910190675,-0.008052753160110782,-0.17451435602968923,0.0023134710515089196,-0.008662145029299073,-0.07623847649244997,-0.03661135030784313,0.0027202024617440923,-0.0007077472124121797,-0.0008677239055046027,-0.01220982969427864,-0.010078205823764064,0.0015479241330014215,0.009903715255829226,-0.01732904053421702,-0.00039434009462446795,0.003348508553146834,-0.008115654466464783,-0.010387592018440528,-0.04762245223744099,-0.0037152378637675953,0.005602300265432625,0.009615364634160573,0.007823210078999443
2025-07-25,0.0005614633154649162,0.010900222695176431,0.007739841972865591,0.009848234917726018,0.005857359571001197,-0.006353142526847155,-0.003936004424360706,0.017550889831604133,0.01362660900263335,0.0060307099624348215,-0.003032527450113065,-0.08528495224927657,-0.007430937731528475,0.006980316607439141,0.0010131124972088124,0.013549282249477157,0.013194879320195918,0.007133519489666673,0.005539566378135463,0.01127019987712452,-0.005216689105797867,-0.003211359840750716,0.010694524517587123,-0.0035879165874302954,0.008902383004645742,0.008673090607718592,0.0,0.009006296760518229,-0.0035201980195520566
2025-07-28,0.0007948587409902785,-0.0027919409949642704,0.014374007288288082,-0.001867432210855946,-0.011209819050591374,0.009299937404554814,-0.009055721273291684,0.007839994126243033,-0.007311524601153585,0.005035504382016498,0.013437495762458784,-0.0009662056534548435,-0.012358918437093025,-0.0011385485298224252,-0.01561377260982777,0.0025128911893848027,0.0051562135049356694,-0.007673287701447262,-0.0023555209851178205,0.03894068451471511,-0.019362678316969695,-0.007517443182138095,-0.005163143453736696,-0.023520344876479027,0.003771401660942031,-0.00439727690387226,-0.01671308790768633,0.0014363141356392717,0.009420356238178718
2025-07-29,-0.012987668901023652,-0.007079834743796476,-0.04369528222595398,-0.006675344777468228,0.0005889946374593169,0.004799092367250513,-0.0038215425270123893,-0.020614522192366924,0.011511088088332011,0.00029150602851224505,-0.0030393310208830515,-0.013056114786231254,0.01137051926490229,-0.004157092554039066,0.018945511500357615,0.011529935255081503,-0.001709921116624713,-0.01701160415800307,0.00013658563818119696,-0.011484111849959233,-0.0004113407408732339,-0.00318243997301082,0.006727645260329318,0.019261712100366202,-0.07461363900336482,-0.011759134053438869,0.00826243090557166,0.007376298228331413,0.01292167560704982
2025-07-30,-0.010507862911703691,-0.016626695169289385,-0.0010615954141022232,0.009464038270058817,0.004708618711437129,-0.022097762015394706,-0.003085670380134853,-0.05003974713980042,-0.0016803724533597242,-0.013939655096688708,-0.008193243476156131,-0.0034296764011536585,-0.0050563322833481195,0.008719311730002621,-0.009080327869579019,0.0031055875428491753,-0.03406023637288813,-0.01064987204115575,0.0013071070651766714,-0.021064658662455327,-0.020164629564310532,-0.023817150934934417,0.00814671281761914,-0.003463864692755947,0.019037045637222194,-0.0010816927877381755,-0.0025755517280789952,-0.0075257355611692,-0.008681730772208351
2025-07-31,-0.007079609380583052,-0.013513043395837698,-0.01771165455571211,0.008983685068431502,-0.0029291087559634166,-0.012503176206438482,-0.003597124827526499,-0.02633768963468186,-0.00979808475338273,-0.012282306722864789,-0.027318962670446756,-0.026548717378384046,-0.015066242540902275,-0.011314048540478794,-0.012509200325900083,-0.011659606961981095,0.01773299672997175,-0.04440362676852472,0.03947470453976676,-0.02595202947600872,-0.021839464435823186,-0.015764002594283788,-0.005239863366469977,0.005098001532276131,-0.06194556239246585,-0.015502633572663349,0.0037559389332695314,0.003996392276462535,-0.002323519393286011
2025-08-01,-0.025003594915492977,-0.016838798561014334,0.00027045419935167736,-0.02130035662580565,-0.01424797315572135,-0.001582749213814405,-0.02115694953864289,-0.064405381961392,-0.01937564693329663,0.01673429296198825,-0.012245601531790884,-0.02474746414136264,0.015721703061804426,-0.023190554755137205,0.014287909536140342,0.009397898331892307,-0.03223430192921317,0.014976936027434107,-0.01760072001226609,-0.0009372476359602588,0.00858727915624291,0.0011961944799412372,-0.004823256521497288,-0.007377738541404555,-0.04724312892659577,-0.017714893869439585,0.0028063907959527956,0.005205069108238813,-0.01791471780257814
2025-08-04,0.004792936108565904,0.014680397759762931,0.0019828862258171043,0.011686740218565417,0.02056328820467357,-0.0023777855136171144,0.02367271826848394,-0.009178531060302197,0.023197174120758834,0.01916177707813027,0.0077183854604137014,0.009839489348134167,0.0221716731581989,0.01689875161611676,0.001452172318940681,0.004424023294593793,0.02395945937302102,0.007188775016412352,0.021999259295981233,0.0026802597772852543,0.0017028827046889905,0.0007301796860115228,0.003634999241079573,0.018116995817138326,0.013500397777097994,0.00825096092864408,0.0016324648391143892,0.011168628486241339,-0.020704104192582173
2025-08-05,-0.0021146353111312077,-0.006530581380050582,0.011334012386288173,0.0012220932556372688,-0.014162680819971185,0.013241529589781198,-0.00863006948022882,0.0365909780785012,-0.007052183674390422,0.012052967067081033,-0.005198825274402186,0.03538464277218556,-0.0017538374630502451,-0.00982131505284678,0.0013051379536501706,-0.017947020054612572,0.015013276987474677,0.011645414424510836,-0.014730087451690799,-0.005880829913082142,0.051848680049241924,-0.0016582421104825995,-0.006671840251339267,0.008250994456812766,0.04158022624652946,-0.01379511256873811,-0.00651930730790129,-0.0028114780854213706,-0.0012108473167617984
2025-08-06,0.05090679602505532,-0.0037082291766904474,0.0008004655131756966,-0.01499208561323917,0.025029604303261177,-0.001698925962637321,-0.026622731017609147,-0.04825736917732537,0.005312764688112814,0.0036065030449827784,0.006422806651274371,0.010896449110211037,-0.0008786394556108412,-6.851608886171423e-05,0.00666181231935381,0.02975532798319591,0.004863800158516174,-0.01671004467119075,-0.0053244351410633994,0.014789046650634408,-0.033131238290186715,0.015613672849037696,-0.003710080047496511,0.009088472004760817,-0.020796801352321537,0.006845887197913125,-0.007499372763694501,0.04078141881805997,-0.006807131632576513
2025-08-07,0.031793629657992595,-0.0027407459321792116,0.010176006990944897,-0.024782587260436695,0.009969674100550607,0.002487286863853466,-0.01988365852162377,0.014554077826140377,-0.006899042698981672,-0.001628718382634342,-0.008403389643295456,-0.03135714818388824,0.005510291960325819,-0.015136462140372453,0.013235563139373019,0.0008126098372476243,0.006099982800128911,0.01170698409545512,-0.007810398227357296,-0.01497099165254967,0.01253650403942208,0.004121421763350508,6.415759940359145e-05,-0.00829664885375292,-0.0045162404792317146,-0.022517200087962652,0.014167709270092033,-0.002321982913034981,-0.005257720026864421
2025-08-08,0.04235791290787305,0.00916082374230065,0.007873986151036405,-0.0014384735055632536,0.027038713983244866,0.012078792092584889,-0.003986507434368014,-0.018047324297777556,0.0021258492526916584,0.004350440456266869,-0.024991894148665206,0.00910471932260859,0.01049386001746666,0.006342765849460363,-0.0012780064670969704,-0.007989325239216805,0.0102806882551989,0.0039816063648181466,0.002303907839930286,-0.002151870792856392,0.014444940469872769,0.00013023978636272915,-0.005778044493589429,-0.0018464611707379452,0.025422039659935836,0.014122612367828857,0.004656596451977579,0.0059154668456355974,0.00802273121841579
2025-08-11,-0.008337431911761617,-0.0040344377076378946,-0.013791849121260968,-0.01915870661995589,-0.015601107729968255,-0.010063808787832085,0.0010673552099644823,-0.016493799665885822,-0.0028145289005403473,-0.000825092301612651,-0.02464195684134829,0.03508766059253432,0.0028270086047335052,0.0027704064055678046,0.0058288845158198654,-0.003568556710923265,0.013111495716770838,-0.008179513499319668,-0.0005171525785138131,-0.0022915129464072814,0.0,0.009575932019080469,-0.000387454816731414,-0.0023030047687746524,0.005898926174373376,-0.002612955906369119,0.0006952114936598086,0.0019280591323564966,-0.009082437836983925
2025-08-12,0.010872426196794072,0.023562711958234894,0.0294299597224974,0.010207071302218651,0.010046634927951326,0.006451679717090153,0.010395363280508052,0.04024912611441689,0.033563222862482034,0.021856352133259094,-0.006474803327524259,0.056174327788906186,-0.005983306484709683,0.011362159706303387,-0.0005653734974897517,-0.008936704135447893,0.016354497724775152,0.003373804092157595,0.014316580058936212,0.011888779179820563,0.002847835262225429,0.0007097790781636082,0.004457407953218917,-0.001248775139426228,0.03645452206301325,0.0042647462085698695,0.0016211230536637977,-0.002982803297962966,0.002834641878009636
2025-08-13,0.016024457949132653,0.012070865631653938,0.0032672477745658846,0.0023988245255559537,-0.013729273129941766,0.009259188033825083,0.025677085276127443,0.05573472228671439,0.0017622412995268455,0.02823227847699039,0.022575338920577837,0.01879870964932162,0.009491850269389257,-0.007922149441431658,-0.0035355017410589884,0.011371093924082087,0.014887417828268967,0.030012381343855532,-0.016363020350273483,0.03070750351864704,0.02068964974208809,0.002063329329395236,0.001414911481540937,0.0203462375725314,0.03914813820335361,0.017253692922840402,0.010635801060242533,-0.025381266599129315,0.013850996375883495
2025-08-14,-0.0023571835446725142,0.002802464022798601,-0.0007712759975456729,0.009185349781013707,-0.015625018738923635,-0.004555050153756901,-0.0028292338201433287,0.01963352674850527,0.003370540707900105,-0.016847557567701732,-0.012329809559775695,0.07380744138958684,0.001720026892274129,0.0124943701342628,-0.012915048425839681,0.012718482437955148,-0.02215971260825389,0.0006045687324318649,0.003649715185283675,-0.010492185721194147,-0.0019872975268517834,-0.010745759782611053,-0.004046017929764001,-0.0026363825340880442,-0.001177290584353008,0.008582646231565239,-0.0048043991678056175,-0.0013862516427994853,-0.0020445907320886247
2025-08-15,-0.005112168105708581,-0.007344148974405051,0.008876847393789244,-0.023257430095209086,-0.04473310930136565,0.008958481556667008,-0.0079098803908223,-0.00042788286077444226,-0.022055705292134187,-0.0023481094491318855,0.011007547350261326,0.02933775514184722,0.010988988753863671,-0.012476232483657146,0.005319742782931014,-6.486846899689258e-05,-0.027194449290068312,0.0175205035835595,-0.004421230659529152,0.007592644183589181,0.0011947064671293806,0.004032767056880715,-0.0020078549158053516,-0.011169474521679046,0.11978345803153267,-0.0029523032691733953,0.017011555894283825,-0.006112387584624512,0.0009398980992183503
2025-08-18,-0.0030225322092916063,0.005172398942263845,-0.012114217934506288,0.011893337992531228,0.011329309164202384,-0.007856834734658258,0.010052895989645316,-0.0051370407650056515,0.00032850846324961047,-0.011718153543783028,-0.0011263337050656519,-0.03664493640475497,-0.0022078977703217095,0.0035801747375252546,-0.011298539253842055,-0.0007443965852532708,0.003084184736291018,0.00011875995575327813,-0.005901995633061485,0.005976313945144307,-0.002784399180854713,0.008810570933158957,0.009150520446619348,-0.002522653523241103,0.01473632702604788,-0.005022245787254853,0.0033905886759058035,0.006999969482421875,0.002159887465570165
2025-08-19,-0.001429256279357305,-0.0030939663620461744,-0.031883324922977296,0.008360818655025692,-0.002837800655767775,-0.010481190696003728,-0.0024024573261234305,0.012478514281004216,-0.01310613811074468,0.031669674309874996,0.0076425622940528015,0.06973793868011158,0.008794359665510676,-0.002984231225430345,0.014465450910727151,0.007223729313016403,0.00968205252987353,0.008430315212606398,-0.014175136000177835,-0.007103200288022471,0.009972082133959281,0.017210298747917685,-0.011832773877110125,0.014910147373505156,-0.013776793075636173,-0.0008460390864170053,0.012390119443122183,0.005859026664999822,0.006559158410807786
2025-08-20,-0.019734624185850147,0.007513892645368836,0.002755533854166714,0.010814926279719916,0.00524256175120108,0.008026323820415238,0.006622553493527139,0.02337443793617222,-0.0009703851352104165,-0.013408720533487739,0.0052635729011270005,-0.06993277707479939,0.0058492858590892816,0.005435909901663427,0.008127715925683843,0.006914790657659209,0.002656498451356848,-0.0031790630894745764,-0.00794472392905854,-0.008064466252317493,0.002369672242738874,0.007007596315890208,0.01906802424802856,0.020530367055867416,-0.014462237435063807,0.004321729934917862,0.0026702553277317964,0.012636970754540178,0.010333313463735116
2025-08-21,-0.004911252928377019,-0.0007457259891012757,-0.005141336886909431,-0.006419470820620221,-0.0013411188220296966,0.015206903879986688,-0.007091608207126843,-0.01619604445603673,-0.006563188366137118,-0.010056185839628307,-0.012987049955233254,-0.0016992741704168202,0.0005032206119162108,-0.0026347907597954467,-0.000565664614601058,0.00044720706834211477,-0.002390901026367409,0.016772909686334714,-0.0012874574564821772,-0.0010490881119370465,0.0141844210276445,-0.004889966364683862,-0.0017241779167634919,0.0019315345431676345,0.011706283363855041,-0.0006977476744188804,-0.0006658290700007896,-0.044944921751658984,0.006449839635096044
2025-08-22,0.012716733406805902,0.03566211798689767,0.025216021714440373,0.04254700992537752,0.004476323107016622,0.016907679668436426,0.022803558615920982,0.05994092843408394,0.036231582220471514,0.03794311885230783,0.01123647857018839,0.05531911647066168,0.0020119559371254425,0.016365201143015762,-0.007500767049720025,0.0027137900926084146,0.028112474229209816,0.014986148352217343,0.005929757278004377,0.028879012934287962,0.0054389893267470235,-0.00037801455719055355,-0.0005117824162377271,0.004983308168994283,0.013416880486704752,0.01847591022984374,-0.013102357650563223,-0.011535292609012315,0.018767681430714056
2025-08-25,-0.002634317288807808,-0.010527710310480387,-0.014123066525987715,-0.007735226414415708,-0.002673756550994333,0.0001264652508989883,-0.009675260979081224,-0.007566729016382223,-0.00417852041999589,-0.009423719574063849,-0.010987657787157823,-0.01008064547140819,-0.0049082107745218595,-0.004523289620760429,-0.017111044362494665,-0.002005990414281733,-0.013545161644826331,-0.02357795107774452,-0.0058553341804989945,0.010079048482873887,-0.028593531394124017,-0.015882034225917385,0.00019200446903577806,-0.014296669703501075,-0.008327451941159136,-0.0034853219533177437,-0.004725479089973339,-0.007848829101092969,0.004133693767638835
2025-08-26,0.00946469850209164,0.015199506296272647,0.03508620304661947,-0.002405730425661612,0.018617742163202555,-0.005309711467095912,-0.000509706559004286,-0.007223151977049369,0.01375220890832507,-0.003325915722652617,0.013365123503684018,-0.00814659314892785,-0.0035006217325441735,0.01244492556046728,-0.0029013952773528917,-0.0015951518194630143,0.004619823273864121,-0.003751045732809488,-0.004402493114088024,-0.00656804142775369,-0.008750957824825711,-0.0011526826242787003,0.02111731593738342,-0.005324166972410782,-0.01453124320037913,0.006765614105339823,-0.006104475015411892,-0.0002081465923797765,-0.002237345248392919
2025-08-27,0.005145899965004919,0.005801580304134024,0.003364107141221151,0.003269523767686966,0.0007311835825212221,0.0119471585887172,0.003739862357034829,0.0,0.0009612911730725315,0.0017175321878197813,0.009108431751009505,0.02053388058180472,0.0016997438020951439,0.0023779280781519585,0.0014549189335992807,-0.004825268988567721,-0.00025555271716837247,-0.010824827035025186,0.00936176720870363,-0.007501718343404851,0.00601923269542648,0.0063474646542931445,0.0016919784500812884,0.004872846200282721,0.011483554967855802,-0.0023634017277047725,0.007051925730402031,0.00031232460534869055,0.011301549600390315
2025-08-28,0.008980857430412437,0.014048267008157644,0.00229186213442234,0.005177152847462452,0.01446517477379028,0.0005023978164715448,-0.0038106271673903347,-0.0068714388124492265,0.002067578212735066,-0.0019350847479161493,0.003635076609327381,0.0032193127757740303,-0.00757959380496076,0.005981130523019074,-0.006828419090577631,0.0025367266597939864,0.00658018207327471,-0.010229539843461533,0.005722904191400424,-0.0017934716453164024,-0.018747474153134824,-0.008346175435615,0.0051301760698574395,-0.007090122152309308,-0.005232380873265385,-0.0013986381410235893,-0.007680167474859334,0.0003122270891462442,0.00532148678358535
2025-08-29,-0.0018060207961334562,0.013119721340187684,-0.006266984092893613,-0.03649028198130033,-0.0048970185639422015,0.008034137085445092,0.006290359296233117,0.016928152726496615,-0.0026363999630139023,-0.0016689511142773394,-0.009115653886997976,-0.023265139053593953,0.009803369909493487,0.0011624885627850023,0.00921581454739262,0.004227828964117997,-0.012883896704738329,0.010936200788531636,-0.005788423440546087,-0.007058433546633491,0.0065041021171252655,0.008930248757112791,-0.012822093312821137,0.004550885332722077,0.02507523362501618,0.005487980692124861,0.006829030365839817,0.00905215629026146,0.008292872376035376
2025-09-02,-0.010424709383172748,-0.00030190395279916515,0.011505080498112275,-0.007135456448788324,-0.01867118388439326,0.007658752682401904,-0.0009292161928006193,-0.008932168934253637,-0.019322407801492747,-0.0011308415685530315,-0.008172850411229171,-0.005749539827671235,0.005023420437131554,-0.005706295482088786,0.0010146163819593212,0.012797863759876682,-0.008101324990610115,0.01616744347760468,-0.0030985559546348185,-0.03481876396872041,0.008885261003904965,0.006049527103061392,-0.0037201234172373754,0.006776838537674523,-0.003453066462163812,-0.004861035052858287,-0.009721909198840195,0.008970871180376205,0.003499922459630378
2025-09-03,0.038089871578786294,-0.02255568248773776,-0.021063273642059066,-0.0022352395004027192,-0.0019175071184819314,-0.02329607754930818,-0.007525149360868011,-0.01966405347139799,-0.00039676819734624225,0.0034456144177994474,0.010766028475315936,-0.008674064122841774,-0.00033695136143085946,-0.0006339879767393031,-0.001013587978991315,0.0019952016193567346,-0.014714539074372035,-0.015208333107995298,0.0004553590999198942,0.006057301691971384,-0.007606084525742629,0.0011392580001168273,0.000632909986661101,0.011706609735062212,-0.0029792189607094066,0.002285294115334846,-0.0013697889858760304,0.016249402065199536,-0.024239271994451306
2025-09-04,0.005493288226302795,0.02143892738731168,-0.0070143938745267365,0.012285601189588435,0.004728797652921113,-0.002340852352919587,0.012182657510959594,-0.0008357901173676741,0.025104066629377364,0.015490564398710882,0.012617776240761991,0.025416692097981697,0.004269632060876161,0.014390192958637638,-0.010726183398736433,0.0018963164390766174,0.023157924239410432,-0.0015442466196265991,0.005184515851476723,0.008161635373115983,-0.01008463694586681,0.006448805086923359,0.0036050348695804146,0.010413991391106325,0.008120104977744846,0.0003419733009835113,0.010059430070309627,0.014983888044929339,0.0043784909280828455
2025-09-05,-0.00037531045761318715,-0.013397820280725448,-0.004940409055897876,0.00680588603864396,-0.016031660073264065,-0.0255564634212897,-0.007575068722987965,0.024675874376960616,-0.01427427172241058,0.01763465161303812,0.005461578082478935,-0.0048761006199619095,-0.001846060870415056,-0.03107109660479279,-0.004249018313549402,-0.008233652266536051,-0.0014145861808252391,0.007852436060136192,-0.025533006259296664,-0.019110747726242994,0.013854820820701885,0.005213881393343778,-0.007310237313222112,-0.015066326795797447,0.016141457656600577,-0.022137379574899363,0.004526953832501235,-0.004161281756419166,-0.02820280879831505
2025-09-08,-0.007551402650500583,-0.0024829872000720066,0.005835966788592106,-0.0007089962736642752,-0.00029910210854944275,0.0022126534542994403,0.0078873093622005,-0.021224508480149895,0.004930783252650173,0.0023630271047367923,0.03041890069050246,-0.0004083392803306829,-0.001681263270092992,-0.004993555442518116,-0.00779876692603354,-0.005025819280181976,-0.008370867148303374,-0.007319110773972959,0.006464671125315569,0.0032471634674342553,-0.013263649007935308,-0.006311739353164869,-0.02094973947594503,-0.0026887789819446395,0.01540948565459388,-0.0026804996258151803,-0.023884651551562053,0.01761015426770518,0.0056760246140734605
2025-09-09,-0.014839412310012845,-0.003288145967242695,-0.006191784778857179,-0.011093265243792727,0.006877963798620046,0.0055195201526989646,-0.012369518988616046,0.00667222061995032,0.02974996030267052,-0.010953960272354513,0.011792641892804268,-0.001633946443083012,-0.006568226221713935,0.01686527660127779,0.00637698284524113,-0.0008951367973908386,-0.005974010492008297,0.006183872417488079,0.00042150030094911806,-0.0074174381718098426,0.006517269808360648,0.002830068435919264,-0.016016088711919618,-0.003388258954879708,0.08640132364648734,0.004937149783108552,0.005770962959353643,9.779171245449803e-05,0.007282700040599943
2025-09-10,-0.03225948363240483,-0.0030523213036519614,-0.008713837411861602,0.011528597493910553,0.011731583075271335,0.018986032074495673,-0.013461717594623668,-0.012841734622218492,0.007409197699117076,-0.00508014005433266,-0.008606271063135162,0.013502451575080565,-0.006611739282007423,0.009031448219285032,-0.0005894514363049552,-0.021054610276393437,0.003200916017573885,-0.006854967151195601,0.003932488193810091,0.00883154265427688,-0.005665705913338037,-0.013232187939640427,0.021416803953871577,-0.00044042989631865037,-0.0032766745733954217,-0.017064457778471875,-0.0018360265165832113,-0.018379091177939233,0.01671940697891494
2025-09-11,0.014286344459361722,0.018462914360576566,-0.033095985574435494,0.020027913882358472,-0.0064581820181004446,0.0029153098006222677,0.011140866269345961,0.049937076704469785,0.01968601450463292,0.024659395906613923,0.0005060750508165679,-0.0064594204463149785,0.015416160289943859,0.01670321601624747,-0.0029488821136368637,0.008138818770035972,0.03841895609782475,0.013328598432751582,0.0012790827881028477,0.0010774657381102948,0.011803045015456481,0.008134775726799548,0.017096734816028247,0.026071334240056476,0.019695454685939584,0.0158819991258512,0.014945868925533512,0.02230851291777025,-0.0032000147765609555
2025-09-12,0.017562991653877313,-0.012176645530553865,-0.018409941136547037,0.00032451306722025564,-0.017136953663290155,-0.00720378761231244,-0.009566131953074097,0.0007993787928755047,-0.005951069828333377,-0.0017240823843408526,-0.013890533064526256,-0.021535988358430846,-0.0024649996717437395,0.0044181403586278645,-0.009021066588264182,-0.00982394336234993,-0.010033238483839302,-0.027480965900633647,0.017744124783092063,-0.01789320325966981,-0.03982295806652969,-0.004601995218225685,-0.011417620441841914,-0.0017893569520296415,-0.0031107003035925063,-0.011819841666199316,-0.0038513495634870942,0.008183110817381323,0.00017836838293794344
2025-09-15,0.011235905200573493,0.005994366873272261,-0.0008798853350842073,0.010242888809548267,0.007365006510818395,0.0012729740148000879,-0.0029320139752928576,-0.0347444411910508,0.008589098566777809,4.729000817715878e-05,0.01104794371937956,0.028654507319094025,-0.0037066363650386513,0.006483902651533757,-0.00436091602296762,-0.010903689059647892,-0.007664507000746057,-0.011951260450409729,0.010707965327386493,0.0004109421821489878,0.0041893115757896116,-0.006776386730870221,0.016169322521540908,-0.009428906721657304,-0.006879827394050686,-0.0011195937463824857,-0.0022743313834610035,0.0019325981424793692,0.001693957285817449
2025-09-16,0.006125886829152938,-0.0006722726470854701,-0.0033835259677360563,0.010850144320841082,-0.0013428053121263828,0.014175804221905564,-0.003373113478497669,0.0128257949922983,-0.0015633489926825117,-0.002980717923675491,0.0049953110204730145,0.02018570814532561,-0.005298687795703527,0.000938840642497718,0.0004530853301871751,0.004038802897083693,-0.001021330159035383,0.0008639804705572462,-0.012263227620067041,-0.003834024154143245,-0.002920308415014672,0.007779153897605973,0.0013260511482102721,-0.015743669120958925,-0.023312011059978932,0.00289050522694434,-0.0029632289660894706,-0.002603956660272133,0.020738781500856174
2025-09-17,0.003527257682534257,0.027397238488134246,-0.0018137818895875846,0.022669989325976747,0.01180333245603915,0.0034474305810667794,0.007550074562547859,0.0024510365364791564,0.011062519677355054,-0.010558813805052747,0.006057808350285798,-0.014641900772887517,0.004193529447014566,0.008279676933909075,0.012077341146705889,0.0055392285550099896,-0.00856234838436265,0.0006166365028488219,0.001925154118143313,-0.006048143524484573,0.006276120385997341,0.014425771016162159,-0.001702637592024936,0.011325561441493548,0.005385798395550312,0.018145467877605626,0.010745264011025935,0.008218898560919952,0.005319171781982046
2025-09-18,-0.004644576907642972,0.016875001878035478,0.004798950546822445,0.03616915839480561,0.014176032424639384,-0.007808108117897117,-0.010680429630202992,-0.017522424170070217,0.01270432276657063,0.0011511054828012846,0.02285010201371973,0.22771084992605384,-0.01715571861449161,0.004747492105793061,-0.008651578507367752,-0.01255856824256596,0.0015467564189008964,0.004806499785335205,-0.003078265245401113,-0.0029041500700160983,0.004158038050382062,-0.018773731553838213,-0.0007579756113829106,0.010435207540725688,-0.019876403847961188,-0.02316581309636867,-0.012214472894404249,-0.006425608425392304,-0.011796386779539647
2025-09-19,0.03203291306373979,-0.001609753834907024,-4.641456670229083e-05,-0.0008993604395055588,-0.006843321531060487,-0.016557477239100504,-0.009576862861534363,-0.02571550491654495,0.0008578812193067442,-0.004287650900202,0.005282943710010812,-0.03238468370955794,0.01165594129887193,0.004948375124898874,-0.0004513809766796273,0.004117653496904516,0.007722134128543168,-0.00024526730486695847,0.01864486230927631,-0.016782234536481422,-0.004968952286131145,-0.008136424311817492,0.0003160948921303586,-0.0032385531351238894,0.005585075790816463,0.010142432223441578,-0.004350755577812615,-0.012258655036405663,-0.009742796863887793
2025-09-22,0.043095700465100695,-0.0004103297625226432,-0.016508220075826197,0.011917511048927576,-0.006743852652710269,-0.001024285610604081,-0.010548563248088616,-0.01362280536152538,0.0006956491411103105,-0.008876813057168476,0.01865616283216509,-0.027721423155483316,-0.01123784380556736,-0.007433749843884008,-0.0033117750969811066,0.0020172807120593106,-0.01749686956528551,-0.013617968117537016,-0.0067190170833154594,0.005501472605533575,0.0004162144820347713,-0.019033458845114315,0.00752014118622224,-0.0032130492723375648,0.013692076741615766,0.008050128596718054,-0.007359664561789048,0.004788408628962015,-0.007090981821535558
2025-09-23,-0.00644325892472386,0.0014369680234911364,0.02003866317781977,-0.0017793316307362916,-0.0030996408789611962,0.00877920596216275,-0.002754065079224821,-0.013379346781252521,0.000943455196296128,-0.002645622179346163,0.003205973386983363,0.020166895656822614,0.013604242155160096,0.0009601020758698287,0.007551729450442801,0.00066012810151439,0.015793567217155635,-0.005472667077806248,-0.010146760806378219,-0.004910191920804996,0.0037436452372956452,-0.0037238756775417325,0.006962307353352681,0.000543350193842107,0.01872257508638908,-0.016436178577603155,0.0044021658314254974,-0.0029177499771273485,0.017229099215925414
2025-09-24,-0.00833236483994404,-0.0028992002425587415,-0.005731673547957006,-0.0031192995873232654,-0.0032573556427097916,0.011180247283112621,0.010512252161922309,0.011810959895284467,-0.017226429360883255,-0.0027743657693350965,-0.0173009128654652,0.06407631734796637,0.0006229505561836657,0.002174483898366386,-0.003897498722811199,0.0037599660994087625,-0.010813235049855874,-0.0036268248980465545,0.0018066156556137969,0.004088550885092523,-0.001657636723860545,-0.0005245426725438707,0.005232413303908112,0.0014478892432665535,0.011849622043365482,-5.913376527166836e-05,-0.00392153563149833,0.0020484463591854407,0.005353180580152106
2025-09-25,0.018072960876120314,-0.0008811490269575728,-0.007298964573079547,-0.012920670825760872,0.007872822634544585,0.00967463635997623,-0.003879065857554931,-0.040207454888481986,0.0029403443980913213,-0.005661656218955646,0.05199422413843524,0.08872525387684504,0.005885976975283036,9.569042796320204e-05,-0.007072891089440869,-0.006670386977508214,-0.0101552101419079,-0.025982173244621598,-0.0061158387817614734,-0.027801226102170062,-0.02034041037101819,-0.0017714370394863455,-0.005391066734744099,-0.008819498334086129,-0.017765271150257944,-0.011072391502760848,0.003936974617742006,0.003114958477246299,0.008990950938472686
2025-09-26,-0.0054890828406448655,0.0044094508017693546,0.03620098239933367,0.004399258298356301,-0.00928510495135837,-0.003484305340595073,0.004248193344620788,0.03423415745110869,0.00975137136339499,0.006479283474700059,0.010197503024807819,0.04442477925765487,0.011140556090281306,0.008326618686454568,-0.004698471843222585,0.009725446775140867,-0.0014377034397432542,0.012371122465844042,0.00873714116807034,0.0010109719379534088,0.006779699768724612,0.002300329891018693,0.01769367449924575,0.01290937396675429,-0.004282934936869154,0.007285117074413261,0.005997726975512485,0.0010674488800967996,0.014101574346779833
2025-09-29,-0.004031959845059219,0.0018437709669514302,-0.018891768867200787,0.012560074873009697,0.007438188088348507,-0.025349634526477316,0.011544880096068466,-0.0030487673177460595,0.0020061872524590463,-0.008022650087302075,-0.01586293204075251,-0.0287324072609485,0.010628169450582536,-0.0011706152575265971,0.0056342737459829095,-0.007371249089191623,0.008311013519449295,0.0002546368773244101,0.006139256605245391,0.0034627831715210444,0.0037878441318763834,0.0067541670209965154,0.001714103268042999,-0.004536325321590429,0.0031969488097052245,0.008269853058337384,-0.008254985694780781,-0.0007755120997933185,-0.02559286824799878
2025-09-30,0.0007861004710238984,-0.029651433833991825,-0.005758245759426628,0.01174701695921021,0.010336713922374896,-0.005189063329348431,-0.0024394387722138644,0.0017475280294430018,-0.00966276125258847,-0.003957682890545877,0.008434658022866692,-0.02697216698151561,0.020922823223874287,-0.0008236452133915106,0.004239836090478288,0.0029704757354072076,0.00713913247322151,0.06808346079736016,0.006509982083227506,0.0025880704137688504,0.06834383458780624,0.0007815353882707488,0.022611971141185405,0.00983725577107819,0.0003476305687861725,0.0035865537226158484,0.01618499267189466,-0.00019406550354672536,-0.012869886695405564
